backend,nodes,workers,batch,job_index,seed,completed_pairs,mean_fidelity,completed_round_checksum,scheduled_rounds,event_count,max_state_qubits,setup_seconds,simulation_seconds,job_seconds
qubit,5,1,0,0,52026,1000,0.9020186765491044,499500,1000,9000,4,0.000851125,0.576260958,0.577112083
qubit,5,1,0,1,52027,1000,0.9020186765491044,499500,1000,9000,4,0.000964083,0.584594125,0.585558208
qubit,5,1,0,2,52028,1000,0.9020186765491044,499500,1000,9000,4,0.000925625,0.579874125,0.58079975
qubit,5,1,0,3,52029,1000,0.9020186765491044,499500,1000,9000,4,0.000936292,0.579564,0.580500292
qubit,5,1,0,4,52030,1000,0.9020186765491044,499500,1000,9000,4,0.001019833,0.580406125,0.581425958
qubit,5,1,0,5,52031,1000,0.9020186765491044,499500,1000,9000,4,0.00098275,0.587917041,0.588899791
qubit,5,1,0,6,52032,1000,0.9020186765491044,499500,1000,9000,4,0.001003167,0.580281625,0.581284792
qubit,5,1,0,7,52033,1000,0.9020186765491044,499500,1000,9000,4,0.000885541,0.57980125,0.580686791
qubit,5,4,0,0,52026,1000,0.9020186765491044,499500,1000,9000,4,0.00118075,0.60769275,0.6088735
qubit,5,4,0,1,52027,1000,0.9020186765491044,499500,1000,9000,4,0.001020875,0.609765875,0.61078675
qubit,5,4,0,2,52028,1000,0.9020186765491044,499500,1000,9000,4,0.001386542,0.609048,0.610434542
qubit,5,4,0,3,52029,1000,0.9020186765491044,499500,1000,9000,4,0.001226583,0.617823583,0.619050166
qubit,5,4,0,4,52030,1000,0.9020186765491044,499500,1000,9000,4,0.001054209,0.63232275,0.633376959
qubit,5,4,0,5,52031,1000,0.9020186765491044,499500,1000,9000,4,0.00105125,0.633506792,0.634558042
qubit,5,4,0,6,52032,1000,0.9020186765491044,499500,1000,9000,4,0.001074041,0.629844709,0.63091875
qubit,5,4,0,7,52033,1000,0.9020186765491044,499500,1000,9000,4,0.001017625,0.633565625,0.63458325
werner,5,1,0,0,52026,1000,0.9020186765491045,499500,1000,9000,2,0.000939958,0.030835042,0.031775
werner,5,1,0,1,52027,1000,0.9020186765491045,499500,1000,9000,2,0.000780292,0.030690625,0.031470917
werner,5,1,0,2,52028,1000,0.9020186765491045,499500,1000,9000,2,0.000784292,0.031221875,0.032006167
werner,5,1,0,3,52029,1000,0.9020186765491045,499500,1000,9000,2,0.000844667,0.031098958,0.031943625
werner,5,1,0,4,52030,1000,0.9020186765491045,499500,1000,9000,2,0.000877,0.030751917,0.031628917
werner,5,1,0,5,52031,1000,0.9020186765491045,499500,1000,9000,2,0.00077275,0.030757917,0.031530667
werner,5,1,0,6,52032,1000,0.9020186765491045,499500,1000,9000,2,0.000761542,0.030424666,0.031186208
werner,5,1,0,7,52033,1000,0.9020186765491045,499500,1000,9000,2,0.007811334,0.03070675,0.038518084
werner,5,4,0,0,52026,1000,0.9020186765491045,499500,1000,9000,2,0.001052833,0.034687042,0.035739875
werner,5,4,0,1,52027,1000,0.9020186765491045,499500,1000,9000,2,0.001309084,0.034423,0.035732084
werner,5,4,0,2,52028,1000,0.9020186765491045,499500,1000,9000,2,0.001324583,0.034786584,0.036111167
werner,5,4,0,3,52029,1000,0.9020186765491045,499500,1000,9000,2,0.0010795,0.035074083,0.036153583
werner,5,4,0,4,52030,1000,0.9020186765491045,499500,1000,9000,2,0.000843584,0.03418425,0.035027834
werner,5,4,0,5,52031,1000,0.9020186765491045,499500,1000,9000,2,0.000866917,0.034119208,0.034986125
werner,5,4,0,6,52032,1000,0.9020186765491045,499500,1000,9000,2,0.000851625,0.034008792,0.034860417
werner,5,4,0,7,52033,1000,0.9020186765491045,499500,1000,9000,2,0.000850458,0.034420209,0.035270667
netsquid,5,1,0,0,52026,1000,0.9020186765491044,499500,1000,9000,4,0.000435042,0.529337167,0.529772209
netsquid,5,1,0,1,52027,1000,0.9020186765491044,499500,1000,9000,4,0.000443125,0.531274417,0.531717542
netsquid,5,1,0,2,52028,1000,0.9020186765491044,499500,1000,9000,4,0.000522334,0.530413041,0.530935375
netsquid,5,1,0,3,52029,1000,0.9020186765491044,499500,1000,9000,4,0.000497833,0.531306667,0.5318045
netsquid,5,1,0,4,52030,1000,0.9020186765491044,499500,1000,9000,4,0.00044525,0.533058667,0.533503917
netsquid,5,1,0,5,52031,1000,0.9020186765491044,499500,1000,9000,4,0.000501834,0.532539375,0.533041209
netsquid,5,1,0,6,52032,1000,0.9020186765491044,499500,1000,9000,4,0.000485042,0.532547292,0.533032334
netsquid,5,1,0,7,52033,1000,0.9020186765491044,499500,1000,9000,4,0.000440208,0.531377292,0.5318175
qubit,10,1,0,0,102026,1000,0.7838277420719574,499500,1000,19000,4,0.009038916,1.413854167,1.422893083
qubit,10,1,0,1,102027,1000,0.7838277420719574,499500,1000,19000,4,0.000927292,1.421150958,1.42207825
qubit,10,1,0,2,102028,1000,0.7838277420719574,499500,1000,19000,4,0.000945583,1.419701208,1.420646791
qubit,10,1,0,3,102029,1000,0.7838277420719574,499500,1000,19000,4,0.000956875,1.422876125,1.423833
qubit,10,1,0,4,102030,1000,0.7838277420719574,499500,1000,19000,4,0.000945459,1.417144875,1.418090334
qubit,10,1,0,5,102031,1000,0.7838277420719574,499500,1000,19000,4,0.000970667,1.417334625,1.418305292
qubit,10,1,0,6,102032,1000,0.7838277420719574,499500,1000,19000,4,0.000946792,1.426380708,1.4273275
qubit,10,1,0,7,102033,1000,0.7838277420719574,499500,1000,19000,4,0.000936833,1.429873417,1.43081025
qubit,10,4,0,0,102026,1000,0.7838277420719574,499500,1000,19000,4,0.013876667,1.583975167,1.597851834
qubit,10,4,0,1,102027,1000,0.7838277420719574,499500,1000,19000,4,0.013927917,1.578353375,1.592281292
qubit,10,4,0,2,102028,1000,0.7838277420719574,499500,1000,19000,4,0.013772208,1.597069667,1.610841875
qubit,10,4,0,3,102029,1000,0.7838277420719574,499500,1000,19000,4,0.013963125,1.588334125,1.60229725
qubit,10,4,0,4,102030,1000,0.7838277420719574,499500,1000,19000,4,0.001132291,1.613874542,1.615006833
qubit,10,4,0,5,102031,1000,0.7838277420719574,499500,1000,19000,4,0.000989166,1.621505084,1.62249425
qubit,10,4,0,6,102032,1000,0.7838277420719574,499500,1000,19000,4,0.001000625,1.630359375,1.63136
qubit,10,4,0,7,102033,1000,0.7838277420719574,499500,1000,19000,4,0.000996666,1.6341195,1.635116166
werner,10,1,0,0,102026,1000,0.7838277420719576,499500,1000,19000,2,0.000883334,0.06881425,0.069697584
werner,10,1,0,1,102027,1000,0.7838277420719576,499500,1000,19000,2,0.000778583,0.06988775,0.070666333
werner,10,1,0,2,102028,1000,0.7838277420719576,499500,1000,19000,2,0.000819792,0.069345666,0.070165458
werner,10,1,0,3,102029,1000,0.7838277420719576,499500,1000,19000,2,0.0008165,0.069408791,0.070225291
werner,10,1,0,4,102030,1000,0.7838277420719576,499500,1000,19000,2,0.000847667,0.0691865,0.070034167
werner,10,1,0,5,102031,1000,0.7838277420719576,499500,1000,19000,2,0.00086325,0.069392458,0.070255708
werner,10,1,0,6,102032,1000,0.7838277420719576,499500,1000,19000,2,0.008443333,0.069379042,0.077822375
werner,10,1,0,7,102033,1000,0.7838277420719576,499500,1000,19000,2,0.000777791,0.068825375,0.069603166
werner,10,4,0,0,102026,1000,0.7838277420719576,499500,1000,19000,2,0.001479875,0.090775291,0.092255166
werner,10,4,0,1,102027,1000,0.7838277420719576,499500,1000,19000,2,0.001031791,0.079016209,0.080048
werner,10,4,0,2,102028,1000,0.7838277420719576,499500,1000,19000,2,0.001113333,0.081356875,0.082470208
werner,10,4,0,3,102029,1000,0.7838277420719576,499500,1000,19000,2,0.001305583,0.0802205,0.081526083
werner,10,4,0,4,102030,1000,0.7838277420719576,499500,1000,19000,2,0.0009165,0.081732625,0.082649125
werner,10,4,0,5,102031,1000,0.7838277420719576,499500,1000,19000,2,0.000926,0.082456459,0.083382459
werner,10,4,0,6,102032,1000,0.7838277420719576,499500,1000,19000,2,0.00095825,0.081833917,0.082792167
werner,10,4,0,7,102033,1000,0.7838277420719576,499500,1000,19000,2,0.000887833,0.081810209,0.082698042
netsquid,10,1,0,0,102026,1000,0.7838277420719575,499500,1000,19000,4,0.000500875,1.218516792,1.219017667
netsquid,10,1,0,1,102027,1000,0.7838277420719575,499500,1000,19000,4,0.000479292,1.21736475,1.217844042
netsquid,10,1,0,2,102028,1000,0.7838277420719575,499500,1000,19000,4,0.000480417,1.225839625,1.226320042
netsquid,10,1,0,3,102029,1000,0.7838277420719575,499500,1000,19000,4,0.000492958,1.222551375,1.223044333
netsquid,10,1,0,4,102030,1000,0.7838277420719575,499500,1000,19000,4,0.000492208,1.215820292,1.2163125
netsquid,10,1,0,5,102031,1000,0.7838277420719575,499500,1000,19000,4,0.000485042,1.2147855,1.215270542
netsquid,10,1,0,6,102032,1000,0.7838277420719575,499500,1000,19000,4,0.000473166,1.218320125,1.218793291
netsquid,10,1,0,7,102033,1000,0.7838277420719575,499500,1000,19000,4,0.000502458,1.227573833,1.228076291
qubit,15,1,0,0,152026,1000,0.6870611892804925,499500,1000,29000,4,0.000957625,2.264530083,2.265487708
qubit,15,1,0,1,152027,1000,0.6870611892804925,499500,1000,29000,4,0.00098025,2.275457084,2.276437334
qubit,15,1,0,2,152028,1000,0.6870611892804925,499500,1000,29000,4,0.000963167,2.278567125,2.279530292
qubit,15,1,0,3,152029,1000,0.6870611892804925,499500,1000,29000,4,0.000979625,2.283814042,2.284793667
qubit,15,1,0,4,152030,1000,0.6870611892804925,499500,1000,29000,4,0.000997916,2.277769,2.278766916
qubit,15,1,0,5,152031,1000,0.6870611892804925,499500,1000,29000,4,0.000919083,2.284141417,2.2850605
qubit,15,1,0,6,152032,1000,0.6870611892804925,499500,1000,29000,4,0.000888916,2.282316667,2.283205583
qubit,15,1,0,7,152033,1000,0.6870611892804925,499500,1000,29000,4,0.00088275,2.279593041,2.280475791
qubit,15,4,0,0,152026,1000,0.6870611892804925,499500,1000,29000,4,0.001034041,2.646627584,2.647661625
qubit,15,4,0,1,152027,1000,0.6870611892804925,499500,1000,29000,4,0.001051959,2.635332958,2.636384917
qubit,15,4,0,2,152028,1000,0.6870611892804925,499500,1000,29000,4,0.001025875,2.625673,2.626698875
qubit,15,4,0,3,152029,1000,0.6870611892804925,499500,1000,29000,4,0.0010565,2.62861325,2.62966975
qubit,15,4,0,4,152030,1000,0.6870611892804925,499500,1000,29000,4,0.00115925,2.69077525,2.6919345
qubit,15,4,0,5,152031,1000,0.6870611892804925,499500,1000,29000,4,0.001119,2.685753458,2.686872458
qubit,15,4,0,6,152032,1000,0.6870611892804925,499500,1000,29000,4,0.001104083,2.690534875,2.691638958
qubit,15,4,0,7,152033,1000,0.6870611892804925,499500,1000,29000,4,0.001161625,2.696536583,2.697698208
werner,15,1,0,0,152026,1000,0.6870611892804926,499500,1000,29000,2,0.000922042,0.108483125,0.109405167
werner,15,1,0,1,152027,1000,0.6870611892804926,499500,1000,29000,2,0.000809167,0.107204583,0.10801375
werner,15,1,0,2,152028,1000,0.6870611892804926,499500,1000,29000,2,0.000776958,0.107974292,0.10875125
werner,15,1,0,3,152029,1000,0.6870611892804926,499500,1000,29000,2,0.000818375,0.108553333,0.109371708
werner,15,1,0,4,152030,1000,0.6870611892804926,499500,1000,29000,2,0.000944167,0.108766166,0.109710333
werner,15,1,0,5,152031,1000,0.6870611892804926,499500,1000,29000,2,0.000883333,0.107962334,0.108845667
werner,15,1,0,6,152032,1000,0.6870611892804926,499500,1000,29000,2,0.008543916,0.109099834,0.11764375
werner,15,1,0,7,152033,1000,0.6870611892804926,499500,1000,29000,2,0.000845084,0.109118125,0.109963209
werner,15,4,0,0,152026,1000,0.6870611892804926,499500,1000,29000,2,0.001051667,0.132430125,0.133481792
werner,15,4,0,1,152027,1000,0.6870611892804926,499500,1000,29000,2,0.00105525,0.132434667,0.133489917
werner,15,4,0,2,152028,1000,0.6870611892804926,499500,1000,29000,2,0.001029708,0.134589125,0.135618833
werner,15,4,0,3,152029,1000,0.6870611892804926,499500,1000,29000,2,0.001013792,0.132150583,0.133164375
werner,15,4,0,4,152030,1000,0.6870611892804926,499500,1000,29000,2,0.001039792,0.13361425,0.134654042
werner,15,4,0,5,152031,1000,0.6870611892804926,499500,1000,29000,2,0.001021709,0.131581583,0.132603292
werner,15,4,0,6,152032,1000,0.6870611892804926,499500,1000,29000,2,0.001037083,0.1344115,0.135448583
werner,15,4,0,7,152033,1000,0.6870611892804926,499500,1000,29000,2,0.0010425,0.132454834,0.133497334
netsquid,15,1,0,0,152026,1000,0.6870611892804924,499500,1000,29000,4,0.000530125,1.896092,1.896622125
netsquid,15,1,0,1,152027,1000,0.6870611892804924,499500,1000,29000,4,0.000458958,1.89472025,1.895179208
netsquid,15,1,0,2,152028,1000,0.6870611892804924,499500,1000,29000,4,0.000505583,1.902723917,1.9032295
netsquid,15,1,0,3,152029,1000,0.6870611892804924,499500,1000,29000,4,0.000524333,1.899188292,1.899712625
netsquid,15,1,0,4,152030,1000,0.6870611892804924,499500,1000,29000,4,0.000450625,1.910466291,1.910916916
netsquid,15,1,0,5,152031,1000,0.6870611892804924,499500,1000,29000,4,0.000537375,1.898164,1.898701375
netsquid,15,1,0,6,152032,1000,0.6870611892804924,499500,1000,29000,4,0.000492917,1.895903292,1.896396209
netsquid,15,1,0,7,152033,1000,0.6870611892804924,499500,1000,29000,4,0.00045075,1.903614292,1.904065042
qubit,20,1,0,0,202026,1000,0.607835436640776,499500,1000,39000,4,0.001039708,3.09875875,3.099798458
qubit,20,1,0,1,202027,1000,0.607835436640776,499500,1000,39000,4,0.000881834,3.106278125,3.107159959
qubit,20,1,0,2,202028,1000,0.607835436640776,499500,1000,39000,4,0.001026333,3.107387833,3.108414166
qubit,20,1,0,3,202029,1000,0.607835436640776,499500,1000,39000,4,0.001064292,3.110157792,3.111222084
qubit,20,1,0,4,202030,1000,0.607835436640776,499500,1000,39000,4,0.000865834,3.097976791,3.098842625
qubit,20,1,0,5,202031,1000,0.607835436640776,499500,1000,39000,4,0.0009685,3.102048292,3.103016792
qubit,20,1,0,6,202032,1000,0.607835436640776,499500,1000,39000,4,0.001036125,3.088508375,3.0895445
qubit,20,1,0,7,202033,1000,0.607835436640776,499500,1000,39000,4,0.000849333,3.108550542,3.109399875
qubit,20,4,0,0,202026,1000,0.607835436640776,499500,1000,39000,4,0.001155666,3.707229834,3.7083855
qubit,20,4,0,1,202027,1000,0.607835436640776,499500,1000,39000,4,0.001138,3.708696292,3.709834292
qubit,20,4,0,2,202028,1000,0.607835436640776,499500,1000,39000,4,0.001185917,3.701484875,3.702670792
qubit,20,4,0,3,202029,1000,0.607835436640776,499500,1000,39000,4,0.001148833,3.724634292,3.725783125
qubit,20,4,0,4,202030,1000,0.607835436640776,499500,1000,39000,4,0.000966375,3.785606208,3.786572583
qubit,20,4,0,5,202031,1000,0.607835436640776,499500,1000,39000,4,0.001108417,3.799349041,3.800457458
qubit,20,4,0,6,202032,1000,0.607835436640776,499500,1000,39000,4,0.000969125,3.807151584,3.808120709
qubit,20,4,0,7,202033,1000,0.607835436640776,499500,1000,39000,4,0.001017167,3.817294708,3.818311875
werner,20,1,0,0,202026,1000,0.6078354366407762,499500,1000,39000,2,0.000926958,0.146073042,0.147
werner,20,1,0,1,202027,1000,0.6078354366407762,499500,1000,39000,2,0.00085775,0.145769417,0.146627167
werner,20,1,0,2,202028,1000,0.6078354366407762,499500,1000,39000,2,0.000801958,0.145983584,0.146785542
werner,20,1,0,3,202029,1000,0.6078354366407762,499500,1000,39000,2,0.000825917,0.146191625,0.147017542
werner,20,1,0,4,202030,1000,0.6078354366407762,499500,1000,39000,2,0.000858291,0.147065334,0.147923625
werner,20,1,0,5,202031,1000,0.6078354366407762,499500,1000,39000,2,0.000926125,0.14635225,0.147278375
werner,20,1,0,6,202032,1000,0.6078354366407762,499500,1000,39000,2,0.008188625,0.145885541,0.154074166
werner,20,1,0,7,202033,1000,0.6078354366407762,499500,1000,39000,2,0.00081725,0.145143875,0.145961125
werner,20,4,0,0,202026,1000,0.6078354366407762,499500,1000,39000,2,0.001108584,0.189929541,0.191038125
werner,20,4,0,1,202027,1000,0.6078354366407762,499500,1000,39000,2,0.00110975,0.188950125,0.190059875
werner,20,4,0,2,202028,1000,0.6078354366407762,499500,1000,39000,2,0.001127958,0.188999792,0.19012775
werner,20,4,0,3,202029,1000,0.6078354366407762,499500,1000,39000,2,0.001129583,0.188637084,0.189766667
werner,20,4,0,4,202030,1000,0.6078354366407762,499500,1000,39000,2,0.001143125,0.189637042,0.190780167
werner,20,4,0,5,202031,1000,0.6078354366407762,499500,1000,39000,2,0.001241875,0.188308,0.189549875
werner,20,4,0,6,202032,1000,0.6078354366407762,499500,1000,39000,2,0.001261125,0.189118291,0.190379416
werner,20,4,0,7,202033,1000,0.6078354366407762,499500,1000,39000,2,0.001192125,0.18822525,0.189417375
netsquid,20,1,0,0,202026,1000,0.6078354366407761,499500,1000,39000,4,0.000446375,2.571195666,2.571642041
netsquid,20,1,0,1,202027,1000,0.6078354366407761,499500,1000,39000,4,0.000544375,2.577850958,2.578395333
netsquid,20,1,0,2,202028,1000,0.6078354366407761,499500,1000,39000,4,0.000566458,2.74175725,2.742323708
netsquid,20,1,0,3,202029,1000,0.6078354366407761,499500,1000,39000,4,0.000448916,2.602197167,2.602646083
netsquid,20,1,0,4,202030,1000,0.6078354366407761,499500,1000,39000,4,0.000526959,2.585751666,2.586278625
netsquid,20,1,0,5,202031,1000,0.6078354366407761,499500,1000,39000,4,0.000504209,2.577154083,2.577658292
netsquid,20,1,0,6,202032,1000,0.6078354366407761,499500,1000,39000,4,0.000450916,2.581939167,2.582390083
netsquid,20,1,0,7,202033,1000,0.6078354366407761,499500,1000,39000,4,0.000492333,2.58025725,2.580749583
qubit,25,1,0,0,252026,999,0.5429708765188911,498501,1000,48996,4,0.00085475,3.966112167,3.966966917
qubit,25,1,0,1,252027,999,0.5429708765188911,498501,1000,48996,4,0.008273833,3.960873458,3.969147291
qubit,25,1,0,2,252028,999,0.5429708765188911,498501,1000,48996,4,0.000926917,3.972621291,3.973548208
qubit,25,1,0,3,252029,999,0.5429708765188911,498501,1000,48996,4,0.001055291,3.980898667,3.981953958
qubit,25,1,0,4,252030,999,0.5429708765188911,498501,1000,48996,4,0.000988291,4.000533542,4.001521833
qubit,25,1,0,5,252031,999,0.5429708765188911,498501,1000,48996,4,0.001057208,3.963062959,3.964120167
qubit,25,1,0,6,252032,999,0.5429708765188911,498501,1000,48996,4,0.000872208,3.976844,3.977716208
qubit,25,1,0,7,252033,999,0.5429708765188911,498501,1000,48996,4,0.001030125,3.972858667,3.973888792
qubit,25,4,0,0,252026,999,0.5429708765188911,498501,1000,48996,4,0.000932583,4.856070167,4.85700275
qubit,25,4,0,1,252027,999,0.5429708765188911,498501,1000,48996,4,0.0009355,4.792689042,4.793624542
qubit,25,4,0,2,252028,999,0.5429708765188911,498501,1000,48996,4,0.000924541,4.792290542,4.793215083
qubit,25,4,0,3,252029,999,0.5429708765188911,498501,1000,48996,4,0.000943542,4.791581167,4.792524709
qubit,25,4,0,4,252030,999,0.5429708765188911,498501,1000,48996,4,0.014287,4.910245959,4.924532959
qubit,25,4,0,5,252031,999,0.5429708765188911,498501,1000,48996,4,0.013823209,4.935943541,4.94976675
qubit,25,4,0,6,252032,999,0.5429708765188911,498501,1000,48996,4,0.013166333,4.925185583,4.938351916
qubit,25,4,0,7,252033,999,0.5429708765188911,498501,1000,48996,4,0.010063166,4.971594292,4.981657458
werner,25,1,0,0,252026,999,0.5429708765188913,498501,1000,48996,2,0.000927208,0.186702167,0.187629375
werner,25,1,0,1,252027,999,0.5429708765188913,498501,1000,48996,2,0.000956334,0.183121,0.184077334
werner,25,1,0,2,252028,999,0.5429708765188913,498501,1000,48996,2,0.000850333,0.184447625,0.185297958
werner,25,1,0,3,252029,999,0.5429708765188913,498501,1000,48996,2,0.000822083,0.186162,0.186984083
werner,25,1,0,4,252030,999,0.5429708765188913,498501,1000,48996,2,0.000837958,0.185413709,0.186251667
werner,25,1,0,5,252031,999,0.5429708765188913,498501,1000,48996,2,0.000902667,0.183759208,0.184661875
werner,25,1,0,6,252032,999,0.5429708765188913,498501,1000,48996,2,0.008920416,0.18390275,0.192823166
werner,25,1,0,7,252033,999,0.5429708765188913,498501,1000,48996,2,0.000819083,0.18149725,0.182316333
werner,25,4,0,0,252026,999,0.5429708765188913,498501,1000,48996,2,0.001026583,0.236042209,0.237068792
werner,25,4,0,1,252027,999,0.5429708765188913,498501,1000,48996,2,0.001006458,0.23488325,0.235889708
werner,25,4,0,2,252028,999,0.5429708765188913,498501,1000,48996,2,0.001046833,0.238462125,0.239508958
werner,25,4,0,3,252029,999,0.5429708765188913,498501,1000,48996,2,0.001041083,0.233742209,0.234783292
werner,25,4,0,4,252030,999,0.5429708765188913,498501,1000,48996,2,0.001576875,0.2371715,0.238748375
werner,25,4,0,5,252031,999,0.5429708765188913,498501,1000,48996,2,0.001561083,0.237702292,0.239263375
werner,25,4,0,6,252032,999,0.5429708765188913,498501,1000,48996,2,0.00123525,0.237658042,0.238893292
werner,25,4,0,7,252033,999,0.5429708765188913,498501,1000,48996,2,0.001122,0.237507708,0.238629708
netsquid,25,1,0,0,252026,999,0.5429708765188911,498501,1000,48996,4,0.000501083,3.279356542,3.279857625
netsquid,25,1,0,1,252027,999,0.5429708765188911,498501,1000,48996,4,0.000514875,3.287633791,3.288148666
netsquid,25,1,0,2,252028,999,0.5429708765188911,498501,1000,48996,4,0.000498375,3.281020167,3.281518542
netsquid,25,1,0,3,252029,999,0.5429708765188911,498501,1000,48996,4,0.000477958,3.280250458,3.280728416
netsquid,25,1,0,4,252030,999,0.5429708765188911,498501,1000,48996,4,0.000470333,3.273278333,3.273748666
netsquid,25,1,0,5,252031,999,0.5429708765188911,498501,1000,48996,4,0.000503083,3.285662958,3.286166041
netsquid,25,1,0,6,252032,999,0.5429708765188911,498501,1000,48996,4,0.000467375,3.278396083,3.278863458
netsquid,25,1,0,7,252033,999,0.5429708765188911,498501,1000,48996,4,0.000502709,3.283942916,3.284445625
qubit,30,1,0,0,302026,999,0.4898642663622282,498501,1000,58991,4,0.001109,4.774426208,4.775535208
qubit,30,1,0,1,302027,999,0.4898642663622282,498501,1000,58991,4,0.001065875,4.787315584,4.788381459
qubit,30,1,0,2,302028,999,0.4898642663622282,498501,1000,58991,4,0.00107275,4.78416475,4.7852375
qubit,30,1,0,3,302029,999,0.4898642663622282,498501,1000,58991,4,0.001047167,4.770872167,4.771919334
qubit,30,1,0,4,302030,999,0.4898642663622282,498501,1000,58991,4,0.008458584,4.78435475,4.792813334
qubit,30,1,0,5,302031,999,0.4898642663622282,498501,1000,58991,4,0.001093166,4.810535,4.811628166
qubit,30,1,0,6,302032,999,0.4898642663622282,498501,1000,58991,4,0.001092833,4.773552,4.774644833
qubit,30,1,0,7,302033,999,0.4898642663622282,498501,1000,58991,4,0.001045792,4.788967542,4.790013334
qubit,30,4,0,0,302026,999,0.4898642663622282,498501,1000,58991,4,0.00114325,5.957380125,5.958523375
qubit,30,4,0,1,302027,999,0.4898642663622282,498501,1000,58991,4,0.00115125,5.933505541,5.934656791
qubit,30,4,0,2,302028,999,0.4898642663622282,498501,1000,58991,4,0.001200125,5.903911708,5.905111833
qubit,30,4,0,3,302029,999,0.4898642663622282,498501,1000,58991,4,0.001198375,5.917307291,5.918505666
qubit,30,4,0,4,302030,999,0.4898642663622282,498501,1000,58991,4,0.001271458,6.042601,6.043872458
qubit,30,4,0,5,302031,999,0.4898642663622282,498501,1000,58991,4,0.001311125,6.032665375,6.0339765
qubit,30,4,0,6,302032,999,0.4898642663622282,498501,1000,58991,4,0.001410541,6.081315459,6.082726
qubit,30,4,0,7,302033,999,0.4898642663622282,498501,1000,58991,4,0.001581625,6.088542333,6.090123958
werner,30,1,0,0,302026,999,0.48986426636222835,498501,1000,58991,2,0.000946625,0.220017209,0.220963834
werner,30,1,0,1,302027,999,0.48986426636222835,498501,1000,58991,2,0.000967875,0.220199791,0.221167666
werner,30,1,0,2,302028,999,0.48986426636222835,498501,1000,58991,2,0.00080475,0.2169235,0.21772825
werner,30,1,0,3,302029,999,0.48986426636222835,498501,1000,58991,2,0.000836208,0.218400084,0.219236292
werner,30,1,0,4,302030,999,0.48986426636222835,498501,1000,58991,2,0.000958458,0.219502209,0.220460667
werner,30,1,0,5,302031,999,0.48986426636222835,498501,1000,58991,2,0.000875208,0.219506667,0.220381875
werner,30,1,0,6,302032,999,0.48986426636222835,498501,1000,58991,2,0.008225959,0.219510625,0.227736584
werner,30,1,0,7,302033,999,0.48986426636222835,498501,1000,58991,2,0.000957916,0.218856209,0.219814125
werner,30,4,0,0,302026,999,0.48986426636222835,498501,1000,58991,2,0.001189292,0.287343625,0.288532917
werner,30,4,0,1,302027,999,0.48986426636222835,498501,1000,58991,2,0.001159625,0.286542458,0.287702083
werner,30,4,0,2,302028,999,0.48986426636222835,498501,1000,58991,2,0.001151709,0.286946541,0.28809825
werner,30,4,0,3,302029,999,0.48986426636222835,498501,1000,58991,2,0.001136834,0.290375458,0.291512292
werner,30,4,0,4,302030,999,0.48986426636222835,498501,1000,58991,2,0.00101425,0.528785333,0.529799583
werner,30,4,0,5,302031,999,0.48986426636222835,498501,1000,58991,2,0.001044166,0.507236792,0.508280958
werner,30,4,0,6,302032,999,0.48986426636222835,498501,1000,58991,2,0.001005083,0.525034625,0.526039708
werner,30,4,0,7,302033,999,0.48986426636222835,498501,1000,58991,2,0.001463042,0.520234958,0.521698
netsquid,30,1,0,0,302026,999,0.48986426636222813,498501,1000,58991,4,0.000459041,3.949459,3.949918041
netsquid,30,1,0,1,302027,999,0.48986426636222813,498501,1000,58991,4,0.000514125,3.948571792,3.949085917
netsquid,30,1,0,2,302028,999,0.48986426636222813,498501,1000,58991,4,0.000538291,3.947193709,3.947732
netsquid,30,1,0,3,302029,999,0.48986426636222813,498501,1000,58991,4,0.000467125,3.963304208,3.963771333
netsquid,30,1,0,4,302030,999,0.48986426636222813,498501,1000,58991,4,0.000532375,3.949009291,3.949541666
netsquid,30,1,0,5,302031,999,0.48986426636222813,498501,1000,58991,4,0.000507375,3.956879834,3.957387209
netsquid,30,1,0,6,302032,999,0.48986426636222813,498501,1000,58991,4,0.000481708,3.966010334,3.966492042
netsquid,30,1,0,7,302033,999,0.48986426636222813,498501,1000,58991,4,0.000526083,3.954625208,3.955151291
qubit,35,1,0,0,352026,999,0.44638425143524474,498501,1000,68986,4,0.000878875,5.688481167,5.689360042
qubit,35,1,0,1,352027,999,0.44638425143524474,498501,1000,68986,4,0.001126084,5.690434,5.691560084
qubit,35,1,0,2,352028,999,0.44638425143524474,498501,1000,68986,4,0.000863625,5.682745458,5.683609083
qubit,35,1,0,3,352029,999,0.44638425143524474,498501,1000,68986,4,0.001123833,5.707852542,5.708976375
qubit,35,1,0,4,352030,999,0.44638425143524474,498501,1000,68986,4,0.001158,5.674810875,5.675968875
qubit,35,1,0,5,352031,999,0.44638425143524474,498501,1000,68986,4,0.001188667,5.6801465,5.681335167
qubit,35,1,0,6,352032,999,0.44638425143524474,498501,1000,68986,4,0.0011145,5.671269667,5.672384167
qubit,35,1,0,7,352033,999,0.44638425143524474,498501,1000,68986,4,0.00113775,5.679105833,5.680243583
qubit,35,4,0,0,352026,999,0.44638425143524474,498501,1000,68986,4,0.000975166,7.106761125,7.107736291
qubit,35,4,0,1,352027,999,0.44638425143524474,498501,1000,68986,4,0.001007833,7.058874625,7.059882458
qubit,35,4,0,2,352028,999,0.44638425143524474,498501,1000,68986,4,0.001027042,7.036578333,7.037605375
qubit,35,4,0,3,352029,999,0.44638425143524474,498501,1000,68986,4,0.001002459,7.048436416,7.049438875
qubit,35,4,0,4,352030,999,0.44638425143524474,498501,1000,68986,4,0.001266916,7.191546167,7.192813083
qubit,35,4,0,5,352031,999,0.44638425143524474,498501,1000,68986,4,0.001300292,7.213850791,7.215151083
qubit,35,4,0,6,352032,999,0.44638425143524474,498501,1000,68986,4,0.001424541,7.225729667,7.227154208
qubit,35,4,0,7,352033,999,0.44638425143524474,498501,1000,68986,4,0.001442834,7.234072458,7.235515292
werner,35,1,0,0,352026,999,0.4463842514352449,498501,1000,68986,2,0.000905834,0.258929958,0.259835792
werner,35,1,0,1,352027,999,0.4463842514352449,498501,1000,68986,2,0.001002792,0.256832792,0.257835584
werner,35,1,0,2,352028,999,0.4463842514352449,498501,1000,68986,2,0.000832042,0.255431458,0.2562635
werner,35,1,0,3,352029,999,0.4463842514352449,498501,1000,68986,2,0.000861375,0.258473709,0.259335084
werner,35,1,0,4,352030,999,0.4463842514352449,498501,1000,68986,2,0.000872167,0.254826208,0.255698375
werner,35,1,0,5,352031,999,0.4463842514352449,498501,1000,68986,2,0.001077625,0.2567345,0.257812125
werner,35,1,0,6,352032,999,0.4463842514352449,498501,1000,68986,2,0.00849,0.258813125,0.267303125
werner,35,1,0,7,352033,999,0.4463842514352449,498501,1000,68986,2,0.000950041,0.255376125,0.256326166
werner,35,4,0,0,352026,999,0.4463842514352449,498501,1000,68986,2,0.001007708,0.334573292,0.335581
werner,35,4,0,1,352027,999,0.4463842514352449,498501,1000,68986,2,0.001012834,0.333257416,0.33427025
werner,35,4,0,2,352028,999,0.4463842514352449,498501,1000,68986,2,0.0010015,0.336411084,0.337412584
werner,35,4,0,3,352029,999,0.4463842514352449,498501,1000,68986,2,0.001050375,0.334241958,0.335292333
werner,35,4,0,4,352030,999,0.4463842514352449,498501,1000,68986,2,0.001079125,0.334922958,0.336002083
werner,35,4,0,5,352031,999,0.4463842514352449,498501,1000,68986,2,0.001297792,0.3443095,0.345607292
werner,35,4,0,6,352032,999,0.4463842514352449,498501,1000,68986,2,0.001515458,0.340369792,0.34188525
werner,35,4,0,7,352033,999,0.4463842514352449,498501,1000,68986,2,0.001475125,0.346685958,0.348161083
netsquid,35,1,0,0,352026,999,0.4463842514352447,498501,1000,68986,4,0.000575709,4.610729708,4.611305417
netsquid,35,1,0,1,352027,999,0.4463842514352447,498501,1000,68986,4,0.000505292,4.60003625,4.600541542
netsquid,35,1,0,2,352028,999,0.4463842514352447,498501,1000,68986,4,0.00046525,4.594857916,4.595323166
netsquid,35,1,0,3,352029,999,0.4463842514352447,498501,1000,68986,4,0.000449,4.590482375,4.590931375
netsquid,35,1,0,4,352030,999,0.4463842514352447,498501,1000,68986,4,0.000464917,4.606152708,4.606617625
netsquid,35,1,0,5,352031,999,0.4463842514352447,498501,1000,68986,4,0.000475292,4.599065666,4.599540958
netsquid,35,1,0,6,352032,999,0.4463842514352447,498501,1000,68986,4,0.00046425,4.588438125,4.588902375
netsquid,35,1,0,7,352033,999,0.4463842514352447,498501,1000,68986,4,0.000473084,4.605124416,4.6055975
qubit,40,1,0,0,402026,999,0.4107858260702337,498501,1000,78981,4,0.001093291,6.497139,6.498232291
qubit,40,1,0,1,402027,999,0.4107858260702337,498501,1000,78981,4,0.008515834,6.512527166,6.521043
qubit,40,1,0,2,402028,999,0.4107858260702337,498501,1000,78981,4,0.00105825,6.672856667,6.673914917
qubit,40,1,0,3,402029,999,0.4107858260702337,498501,1000,78981,4,0.001058458,6.479727584,6.480786042
qubit,40,1,0,4,402030,999,0.4107858260702337,498501,1000,78981,4,0.001174084,6.500846333,6.502020417
qubit,40,1,0,5,402031,999,0.4107858260702337,498501,1000,78981,4,0.009359875,6.497661666,6.507021541
qubit,40,1,0,6,402032,999,0.4107858260702337,498501,1000,78981,4,0.001055208,6.476720917,6.477776125
qubit,40,1,0,7,402033,999,0.4107858260702337,498501,1000,78981,4,0.0011835,6.51569275,6.51687625
qubit,40,4,0,0,402026,999,0.4107858260702337,498501,1000,78981,4,0.00115675,8.178618042,8.179774792
qubit,40,4,0,1,402027,999,0.4107858260702337,498501,1000,78981,4,0.0011865,8.194857708,8.196044208
qubit,40,4,0,2,402028,999,0.4107858260702337,498501,1000,78981,4,0.001180417,8.254201625,8.255382042
qubit,40,4,0,3,402029,999,0.4107858260702337,498501,1000,78981,4,0.001186833,8.197134375,8.198321208
qubit,40,4,0,4,402030,999,0.4107858260702337,498501,1000,78981,4,0.010140667,8.301355166,8.311495833
qubit,40,4,0,5,402031,999,0.4107858260702337,498501,1000,78981,4,0.01217425,8.331151542,8.343325792
qubit,40,4,0,6,402032,999,0.4107858260702337,498501,1000,78981,4,0.013578542,8.315922333,8.329500875
qubit,40,4,0,7,402033,999,0.4107858260702337,498501,1000,78981,4,0.012281625,8.344744292,8.357025917
werner,40,1,0,0,402026,999,0.4107858260702339,498501,1000,78981,2,0.000906125,0.294515167,0.295421292
werner,40,1,0,1,402027,999,0.4107858260702339,498501,1000,78981,2,0.001013375,0.297879208,0.298892583
werner,40,1,0,2,402028,999,0.4107858260702339,498501,1000,78981,2,0.000807167,0.293275208,0.294082375
werner,40,1,0,3,402029,999,0.4107858260702339,498501,1000,78981,2,0.000811084,0.297213166,0.29802425
werner,40,1,0,4,402030,999,0.4107858260702339,498501,1000,78981,2,0.000856583,0.295013042,0.295869625
werner,40,1,0,5,402031,999,0.4107858260702339,498501,1000,78981,2,0.000906583,0.294192708,0.295099291
werner,40,1,0,6,402032,999,0.4107858260702339,498501,1000,78981,2,0.008451333,0.296320417,0.30477175
werner,40,1,0,7,402033,999,0.4107858260702339,498501,1000,78981,2,0.000992917,0.294495125,0.295488042
werner,40,4,0,0,402026,999,0.4107858260702339,498501,1000,78981,2,0.001579584,0.385529625,0.387109209
werner,40,4,0,1,402027,999,0.4107858260702339,498501,1000,78981,2,0.00142925,0.383693667,0.385122917
werner,40,4,0,2,402028,999,0.4107858260702339,498501,1000,78981,2,0.001523833,0.389617792,0.391141625
werner,40,4,0,3,402029,999,0.4107858260702339,498501,1000,78981,2,0.001447125,0.385352625,0.38679975
werner,40,4,0,4,402030,999,0.4107858260702339,498501,1000,78981,2,0.001123417,0.390932792,0.392056209
werner,40,4,0,5,402031,999,0.4107858260702339,498501,1000,78981,2,0.0012095,0.39569775,0.39690725
werner,40,4,0,6,402032,999,0.4107858260702339,498501,1000,78981,2,0.0012015,0.392667958,0.393869458
werner,40,4,0,7,402033,999,0.4107858260702339,498501,1000,78981,2,0.001307916,0.394902167,0.396210083
netsquid,40,1,0,0,402026,999,0.4107858260702337,498501,1000,78981,4,0.000496125,5.309715459,5.310211584
netsquid,40,1,0,1,402027,999,0.4107858260702337,498501,1000,78981,4,0.000551,5.302020292,5.302571292
netsquid,40,1,0,2,402028,999,0.4107858260702337,498501,1000,78981,4,0.000521292,5.308290791,5.308812083
netsquid,40,1,0,3,402029,999,0.4107858260702337,498501,1000,78981,4,0.000465125,5.321692792,5.322157917
netsquid,40,1,0,4,402030,999,0.4107858260702337,498501,1000,78981,4,0.000489125,5.324240959,5.324730084
netsquid,40,1,0,5,402031,999,0.4107858260702337,498501,1000,78981,4,0.000500625,5.30736525,5.307865875
netsquid,40,1,0,6,402032,999,0.4107858260702337,498501,1000,78981,4,0.000461709,5.321258291,5.32172
netsquid,40,1,0,7,402033,999,0.4107858260702337,498501,1000,78981,4,0.000502333,5.322306458,5.322808791
qubit,45,1,0,0,452026,998,0.3816403004627478,497503,1000,88972,4,0.001176375,7.405135833,7.406312208
qubit,45,1,0,1,452027,998,0.3816403004627478,497503,1000,88972,4,0.001071708,7.411327375,7.412399083
qubit,45,1,0,2,452028,998,0.3816403004627478,497503,1000,88972,4,0.001201417,7.387905958,7.389107375
qubit,45,1,0,3,452029,998,0.3816403004627478,497503,1000,88972,4,0.001101875,7.408925417,7.410027292
qubit,45,1,0,4,452030,998,0.3816403004627478,497503,1000,88972,4,0.001180834,7.558559833,7.559740667
qubit,45,1,0,5,452031,998,0.3816403004627478,497503,1000,88972,4,0.001065083,7.395164834,7.396229917
qubit,45,1,0,6,452032,998,0.3816403004627478,497503,1000,88972,4,0.0011595,7.37990525,7.38106475
qubit,45,1,0,7,452033,998,0.3816403004627478,497503,1000,88972,4,0.00106375,7.376506458,7.377570208
qubit,45,4,0,0,452026,998,0.3816403004627478,497503,1000,88972,4,0.001400417,9.3449055,9.346305917
qubit,45,4,0,1,452027,998,0.3816403004627478,497503,1000,88972,4,0.00136725,9.352318416,9.353685666
qubit,45,4,0,2,452028,998,0.3816403004627478,497503,1000,88972,4,0.001353792,9.3645625,9.365916292
qubit,45,4,0,3,452029,998,0.3816403004627478,497503,1000,88972,4,0.001440167,9.323900458,9.325340625
qubit,45,4,0,4,452030,998,0.3816403004627478,497503,1000,88972,4,0.00130075,9.546956542,9.548257292
qubit,45,4,0,5,452031,998,0.3816403004627478,497503,1000,88972,4,0.001324708,9.566355417,9.567680125
qubit,45,4,0,6,452032,998,0.3816403004627478,497503,1000,88972,4,0.001498667,9.58746475,9.588963417
qubit,45,4,0,7,452033,998,0.3816403004627478,497503,1000,88972,4,0.001311583,9.596541542,9.597853125
werner,45,1,0,0,452026,998,0.381640300462748,497503,1000,88972,2,0.000933208,0.330631917,0.331565125
werner,45,1,0,1,452027,998,0.381640300462748,497503,1000,88972,2,0.000977166,0.336083167,0.337060333
werner,45,1,0,2,452028,998,0.381640300462748,497503,1000,88972,2,0.000832958,0.329607834,0.330440792
werner,45,1,0,3,452029,998,0.381640300462748,497503,1000,88972,2,0.000809042,0.333917,0.334726042
werner,45,1,0,4,452030,998,0.381640300462748,497503,1000,88972,2,0.000852417,0.334375792,0.335228209
werner,45,1,0,5,452031,998,0.381640300462748,497503,1000,88972,2,0.000896708,0.331983292,0.33288
werner,45,1,0,6,452032,998,0.381640300462748,497503,1000,88972,2,0.008874625,0.3325705,0.341445125
werner,45,1,0,7,452033,998,0.381640300462748,497503,1000,88972,2,0.000986833,0.327066125,0.328052958
werner,45,4,0,0,452026,998,0.381640300462748,497503,1000,88972,2,0.001131167,0.4406935,0.441824667
werner,45,4,0,1,452027,998,0.381640300462748,497503,1000,88972,2,0.001107917,0.440458541,0.441566458
werner,45,4,0,2,452028,998,0.381640300462748,497503,1000,88972,2,0.001088334,0.436789625,0.437877959
werner,45,4,0,3,452029,998,0.381640300462748,497503,1000,88972,2,0.001116667,0.431930416,0.433047083
werner,45,4,0,4,452030,998,0.381640300462748,497503,1000,88972,2,0.001337292,0.448523916,0.449861208
werner,45,4,0,5,452031,998,0.381640300462748,497503,1000,88972,2,0.001098791,0.4481135,0.449212291
werner,45,4,0,6,452032,998,0.381640300462748,497503,1000,88972,2,0.001113416,0.450046125,0.451159541
werner,45,4,0,7,452033,998,0.381640300462748,497503,1000,88972,2,0.001180542,0.453368125,0.454548667
netsquid,45,1,0,0,452026,998,0.3816403004627478,497503,1000,88972,4,0.000474625,5.976751875,5.9772265
netsquid,45,1,0,1,452027,998,0.3816403004627478,497503,1000,88972,4,0.000509208,5.980425625,5.980934833
netsquid,45,1,0,2,452028,998,0.3816403004627478,497503,1000,88972,4,0.000529542,5.978453542,5.978983084
netsquid,45,1,0,3,452029,998,0.3816403004627478,497503,1000,88972,4,0.000512541,5.968698667,5.969211208
netsquid,45,1,0,4,452030,998,0.3816403004627478,497503,1000,88972,4,0.000500792,5.978389458,5.97889025
netsquid,45,1,0,5,452031,998,0.3816403004627478,497503,1000,88972,4,0.000488708,5.978454667,5.978943375
netsquid,45,1,0,6,452032,998,0.3816403004627478,497503,1000,88972,4,0.000482458,5.979530542,5.980013
netsquid,45,1,0,7,452033,998,0.3816403004627478,497503,1000,88972,4,0.000480333,5.992152417,5.99263275
qubit,50,1,0,0,502026,998,0.3577779623332773,497503,1000,98962,4,0.000878291,8.225478625,8.226356916
qubit,50,1,0,1,502027,998,0.3577779623332773,497503,1000,98962,4,0.001088625,8.236519583,8.237608208
qubit,50,1,0,2,502028,998,0.3577779623332773,497503,1000,98962,4,0.001044542,8.245290625,8.246335167
qubit,50,1,0,3,502029,998,0.3577779623332773,497503,1000,98962,4,0.001174167,8.214036916,8.215211083
qubit,50,1,0,4,502030,998,0.3577779623332773,497503,1000,98962,4,0.001119,8.241683166,8.242802166
qubit,50,1,0,5,502031,998,0.3577779623332773,497503,1000,98962,4,0.001313959,8.2616045,8.262918459
qubit,50,1,0,6,502032,998,0.3577779623332773,497503,1000,98962,4,0.001100375,8.210188042,8.211288417
qubit,50,1,0,7,502033,998,0.3577779623332773,497503,1000,98962,4,0.001048917,8.223167083,8.224216
qubit,50,4,0,0,502026,998,0.3577779623332773,497503,1000,98962,4,0.000955208,10.551300667,10.552255875
qubit,50,4,0,1,502027,998,0.3577779623332773,497503,1000,98962,4,0.000965042,10.450531625,10.451496667
qubit,50,4,0,2,502028,998,0.3577779623332773,497503,1000,98962,4,0.000998416,10.442024459,10.443022875
qubit,50,4,0,3,502029,998,0.3577779623332773,497503,1000,98962,4,0.000979,10.421961667,10.422940667
qubit,50,4,0,4,502030,998,0.3577779623332773,497503,1000,98962,4,0.001374583,10.603469375,10.604843958
qubit,50,4,0,5,502031,998,0.3577779623332773,497503,1000,98962,4,0.001403959,10.608381,10.609784959
qubit,50,4,0,6,502032,998,0.3577779623332773,497503,1000,98962,4,0.001422458,10.649645,10.651067458
qubit,50,4,0,7,502033,998,0.3577779623332773,497503,1000,98962,4,0.001362208,10.684005875,10.685368083
werner,50,1,0,0,502026,998,0.3577779623332775,497503,1000,98962,2,0.000904375,0.37274025,0.373644625
werner,50,1,0,1,502027,998,0.3577779623332775,497503,1000,98962,2,0.001062167,0.380674916,0.381737083
werner,50,1,0,2,502028,998,0.3577779623332775,497503,1000,98962,2,0.000840625,0.371661167,0.372501792
werner,50,1,0,3,502029,998,0.3577779623332775,497503,1000,98962,2,0.000838084,0.376551166,0.37738925
werner,50,1,0,4,502030,998,0.3577779623332775,497503,1000,98962,2,0.000839792,0.370947791,0.371787583
werner,50,1,0,5,502031,998,0.3577779623332775,497503,1000,98962,2,0.000890667,0.369584541,0.370475208
werner,50,1,0,6,502032,998,0.3577779623332775,497503,1000,98962,2,0.009250625,0.369662333,0.378912958
werner,50,1,0,7,502033,998,0.3577779623332775,497503,1000,98962,2,0.000966709,0.367534791,0.3685015
werner,50,4,0,0,502026,998,0.3577779623332775,497503,1000,98962,2,0.001080625,0.486028584,0.487109209
werner,50,4,0,1,502027,998,0.3577779623332775,497503,1000,98962,2,0.001081416,0.485816792,0.486898208
werner,50,4,0,2,502028,998,0.3577779623332775,497503,1000,98962,2,0.001094834,0.480079916,0.48117475
werner,50,4,0,3,502029,998,0.3577779623332775,497503,1000,98962,2,0.001093708,0.490236667,0.491330375
werner,50,4,0,4,502030,998,0.3577779623332775,497503,1000,98962,2,0.001286875,0.493535166,0.494822041
werner,50,4,0,5,502031,998,0.3577779623332775,497503,1000,98962,2,0.001220375,0.49175,0.492970375
werner,50,4,0,6,502032,998,0.3577779623332775,497503,1000,98962,2,0.001182917,0.493289375,0.494472292
werner,50,4,0,7,502033,998,0.3577779623332775,497503,1000,98962,2,0.001210292,0.499479958,0.50069025
netsquid,50,1,0,0,502026,998,0.3577779623332773,497503,1000,98962,4,0.000468916,6.6743465,6.674815416
netsquid,50,1,0,1,502027,998,0.3577779623332773,497503,1000,98962,4,0.000502625,6.66738325,6.667885875
netsquid,50,1,0,2,502028,998,0.3577779623332773,497503,1000,98962,4,0.000502166,6.695704667,6.696206833
netsquid,50,1,0,3,502029,998,0.3577779623332773,497503,1000,98962,4,0.000473667,6.680499666,6.680973333
netsquid,50,1,0,4,502030,998,0.3577779623332773,497503,1000,98962,4,0.000484125,6.672954833,6.673438958
netsquid,50,1,0,5,502031,998,0.3577779623332773,497503,1000,98962,4,0.000473875,6.672958708,6.673432583
netsquid,50,1,0,6,502032,998,0.3577779623332773,497503,1000,98962,4,0.000465042,6.676826292,6.677291334
netsquid,50,1,0,7,502033,998,0.3577779623332773,497503,1000,98962,4,0.000482541,6.67976475,6.680247291
werner,5,4,1,0,52034,1000,0.9020186765491045,499500,1000,9000,2,0.0010105,0.034374666,0.035385166
werner,5,4,1,1,52035,1000,0.9020186765491045,499500,1000,9000,2,0.001015208,0.035546292,0.0365615
werner,5,4,1,2,52036,1000,0.9020186765491045,499500,1000,9000,2,0.001016,0.035250625,0.036266625
werner,5,4,1,3,52037,1000,0.9020186765491045,499500,1000,9000,2,0.001015375,0.034805667,0.035821042
werner,5,4,1,4,52038,1000,0.9020186765491045,499500,1000,9000,2,0.00086525,0.034933958,0.035799208
werner,5,4,1,5,52039,1000,0.9020186765491045,499500,1000,9000,2,0.000840208,0.035588625,0.036428833
werner,5,4,1,6,52040,1000,0.9020186765491045,499500,1000,9000,2,0.00084275,0.034677625,0.035520375
werner,5,4,1,7,52041,1000,0.9020186765491045,499500,1000,9000,2,0.000845792,0.03552925,0.036375042
werner,5,1,1,0,52034,1000,0.9020186765491045,499500,1000,9000,2,0.000906125,0.03114025,0.032046375
werner,5,1,1,1,52035,1000,0.9020186765491045,499500,1000,9000,2,0.000769459,0.030958458,0.031727917
werner,5,1,1,2,52036,1000,0.9020186765491045,499500,1000,9000,2,0.000770208,0.030981917,0.031752125
werner,5,1,1,3,52037,1000,0.9020186765491045,499500,1000,9000,2,0.000840375,0.030992209,0.031832584
werner,5,1,1,4,52038,1000,0.9020186765491045,499500,1000,9000,2,0.0008605,0.031119875,0.031980375
werner,5,1,1,5,52039,1000,0.9020186765491045,499500,1000,9000,2,0.000789542,0.0310365,0.031826042
werner,5,1,1,6,52040,1000,0.9020186765491045,499500,1000,9000,2,0.000816667,0.030882292,0.031698959
werner,5,1,1,7,52041,1000,0.9020186765491045,499500,1000,9000,2,0.008068375,0.031539875,0.03960825
netsquid,5,1,1,0,52034,1000,0.9020186765491044,499500,1000,9000,4,0.000467625,0.543685166,0.544152791
netsquid,5,1,1,1,52035,1000,0.9020186765491044,499500,1000,9000,4,0.000456083,0.534767625,0.535223708
netsquid,5,1,1,2,52036,1000,0.9020186765491044,499500,1000,9000,4,0.000503375,0.533087334,0.533590709
netsquid,5,1,1,3,52037,1000,0.9020186765491044,499500,1000,9000,4,0.000531542,0.531481125,0.532012667
netsquid,5,1,1,4,52038,1000,0.9020186765491044,499500,1000,9000,4,0.000437834,0.528912916,0.52935075
netsquid,5,1,1,5,52039,1000,0.9020186765491044,499500,1000,9000,4,0.000505292,0.538118333,0.538623625
netsquid,5,1,1,6,52040,1000,0.9020186765491044,499500,1000,9000,4,0.00054475,0.554820958,0.555365708
netsquid,5,1,1,7,52041,1000,0.9020186765491044,499500,1000,9000,4,0.000467917,0.53311425,0.533582167
qubit,5,4,1,0,52034,1000,0.9020186765491044,499500,1000,9000,4,0.000976375,0.680570875,0.68154725
qubit,5,4,1,1,52035,1000,0.9020186765491044,499500,1000,9000,4,0.00094625,0.697021,0.69796725
qubit,5,4,1,2,52036,1000,0.9020186765491044,499500,1000,9000,4,0.000955417,0.686891083,0.6878465
qubit,5,4,1,3,52037,1000,0.9020186765491044,499500,1000,9000,4,0.000935292,0.684601916,0.685537208
qubit,5,4,1,4,52038,1000,0.9020186765491044,499500,1000,9000,4,0.001200625,0.703735333,0.704935958
qubit,5,4,1,5,52039,1000,0.9020186765491044,499500,1000,9000,4,0.001086333,0.710536667,0.711623
qubit,5,4,1,6,52040,1000,0.9020186765491044,499500,1000,9000,4,0.001100125,0.710889583,0.711989708
qubit,5,4,1,7,52041,1000,0.9020186765491044,499500,1000,9000,4,0.001210708,0.706903958,0.708114666
qubit,5,1,1,0,52034,1000,0.9020186765491044,499500,1000,9000,4,0.000852458,0.585004917,0.585857375
qubit,5,1,1,1,52035,1000,0.9020186765491044,499500,1000,9000,4,0.001002958,0.597039458,0.598042416
qubit,5,1,1,2,52036,1000,0.9020186765491044,499500,1000,9000,4,0.000925709,0.585278125,0.586203834
qubit,5,1,1,3,52037,1000,0.9020186765491044,499500,1000,9000,4,0.000972916,0.583043042,0.584015958
qubit,5,1,1,4,52038,1000,0.9020186765491044,499500,1000,9000,4,0.001043084,0.58303175,0.584074834
qubit,5,1,1,5,52039,1000,0.9020186765491044,499500,1000,9000,4,0.000980459,0.589713375,0.590693834
qubit,5,1,1,6,52040,1000,0.9020186765491044,499500,1000,9000,4,0.001011333,0.581196125,0.582207458
qubit,5,1,1,7,52041,1000,0.9020186765491044,499500,1000,9000,4,0.000928083,0.580055792,0.580983875
werner,10,4,1,0,102034,1000,0.7838277420719576,499500,1000,19000,2,0.001054167,0.081750291,0.082804458
werner,10,4,1,1,102035,1000,0.7838277420719576,499500,1000,19000,2,0.001069834,0.08136425,0.082434084
werner,10,4,1,2,102036,1000,0.7838277420719576,499500,1000,19000,2,0.001056666,0.082151417,0.083208083
werner,10,4,1,3,102037,1000,0.7838277420719576,499500,1000,19000,2,0.001070417,0.082741875,0.083812292
werner,10,4,1,4,102038,1000,0.7838277420719576,499500,1000,19000,2,0.000882417,0.085592125,0.086474542
werner,10,4,1,5,102039,1000,0.7838277420719576,499500,1000,19000,2,0.000866875,0.085501458,0.086368333
werner,10,4,1,6,102040,1000,0.7838277420719576,499500,1000,19000,2,0.000852459,0.085802041,0.0866545
werner,10,4,1,7,102041,1000,0.7838277420719576,499500,1000,19000,2,0.0009005,0.087287125,0.088187625
werner,10,1,1,0,102034,1000,0.7838277420719576,499500,1000,19000,2,0.00092225,0.069984084,0.070906334
werner,10,1,1,1,102035,1000,0.7838277420719576,499500,1000,19000,2,0.000817208,0.069594792,0.070412
werner,10,1,1,2,102036,1000,0.7838277420719576,499500,1000,19000,2,0.000808375,0.069336542,0.070144917
werner,10,1,1,3,102037,1000,0.7838277420719576,499500,1000,19000,2,0.000815,0.070126959,0.070941959
werner,10,1,1,4,102038,1000,0.7838277420719576,499500,1000,19000,2,0.000850917,0.069944416,0.070795333
werner,10,1,1,5,102039,1000,0.7838277420719576,499500,1000,19000,2,0.00098925,0.127766875,0.128756125
werner,10,1,1,6,102040,1000,0.7838277420719576,499500,1000,19000,2,0.027472125,0.150474542,0.177946667
werner,10,1,1,7,102041,1000,0.7838277420719576,499500,1000,19000,2,0.000863792,0.095570458,0.09643425
netsquid,10,1,1,0,102034,1000,0.7838277420719575,499500,1000,19000,4,0.000461125,1.210914875,1.211376
netsquid,10,1,1,1,102035,1000,0.7838277420719575,499500,1000,19000,4,0.000484583,1.211703292,1.212187875
netsquid,10,1,1,2,102036,1000,0.7838277420719575,499500,1000,19000,4,0.000467333,1.215443333,1.215910666
netsquid,10,1,1,3,102037,1000,0.7838277420719575,499500,1000,19000,4,0.000495292,1.213854583,1.214349875
netsquid,10,1,1,4,102038,1000,0.7838277420719575,499500,1000,19000,4,0.000467542,1.210353667,1.210821209
netsquid,10,1,1,5,102039,1000,0.7838277420719575,499500,1000,19000,4,0.000500333,1.223275542,1.223775875
netsquid,10,1,1,6,102040,1000,0.7838277420719575,499500,1000,19000,4,0.0004615,1.212304583,1.212766083
netsquid,10,1,1,7,102041,1000,0.7838277420719575,499500,1000,19000,4,0.000476834,1.213655416,1.21413225
qubit,10,4,1,0,102034,1000,0.7838277420719574,499500,1000,19000,4,0.013836,1.72682625,1.74066225
qubit,10,4,1,1,102035,1000,0.7838277420719574,499500,1000,19000,4,0.014379417,1.728632417,1.743011834
qubit,10,4,1,2,102036,1000,0.7838277420719574,499500,1000,19000,4,0.013902708,1.715148542,1.72905125
qubit,10,4,1,3,102037,1000,0.7838277420719574,499500,1000,19000,4,0.014368292,1.713282708,1.727651
qubit,10,4,1,4,102038,1000,0.7838277420719574,499500,1000,19000,4,0.001182916,1.75024025,1.751423166
qubit,10,4,1,5,102039,1000,0.7838277420719574,499500,1000,19000,4,0.001074125,1.743911333,1.744985458
qubit,10,4,1,6,102040,1000,0.7838277420719574,499500,1000,19000,4,0.001046166,1.769771917,1.770818083
qubit,10,4,1,7,102041,1000,0.7838277420719574,499500,1000,19000,4,0.001050583,1.767270333,1.768320916
qubit,10,1,1,0,102034,1000,0.7838277420719574,499500,1000,19000,4,0.008185125,1.424558209,1.432743334
qubit,10,1,1,1,102035,1000,0.7838277420719574,499500,1000,19000,4,0.000950833,1.422548625,1.423499458
qubit,10,1,1,2,102036,1000,0.7838277420719574,499500,1000,19000,4,0.000968875,1.420671167,1.421640042
qubit,10,1,1,3,102037,1000,0.7838277420719574,499500,1000,19000,4,0.00100025,1.436802917,1.437803167
qubit,10,1,1,4,102038,1000,0.7838277420719574,499500,1000,19000,4,0.000947,1.426469083,1.427416083
qubit,10,1,1,5,102039,1000,0.7838277420719574,499500,1000,19000,4,0.000964292,1.421381083,1.422345375
qubit,10,1,1,6,102040,1000,0.7838277420719574,499500,1000,19000,4,0.000957542,1.438692875,1.439650417
qubit,10,1,1,7,102041,1000,0.7838277420719574,499500,1000,19000,4,0.00094,1.419872208,1.420812208
werner,15,4,1,0,152034,1000,0.6870611892804926,499500,1000,29000,2,0.001041667,0.12849175,0.129533417
werner,15,4,1,1,152035,1000,0.6870611892804926,499500,1000,29000,2,0.001024042,0.128540458,0.1295645
werner,15,4,1,2,152036,1000,0.6870611892804926,499500,1000,29000,2,0.001003625,0.127370125,0.12837375
werner,15,4,1,3,152037,1000,0.6870611892804926,499500,1000,29000,2,0.001041666,0.1257305,0.126772166
werner,15,4,1,4,152038,1000,0.6870611892804926,499500,1000,29000,2,0.001065583,0.131055625,0.132121208
werner,15,4,1,5,152039,1000,0.6870611892804926,499500,1000,29000,2,0.000964125,0.131289667,0.132253792
werner,15,4,1,6,152040,1000,0.6870611892804926,499500,1000,29000,2,0.00095925,0.132358875,0.133318125
werner,15,4,1,7,152041,1000,0.6870611892804926,499500,1000,29000,2,0.000955875,0.129239208,0.130195083
werner,15,1,1,0,152034,1000,0.6870611892804926,499500,1000,29000,2,0.000929834,0.107701208,0.108631042
werner,15,1,1,1,152035,1000,0.6870611892804926,499500,1000,29000,2,0.000835291,0.108214667,0.109049958
werner,15,1,1,2,152036,1000,0.6870611892804926,499500,1000,29000,2,0.000833667,0.107356167,0.108189834
werner,15,1,1,3,152037,1000,0.6870611892804926,499500,1000,29000,2,0.0008885,0.105982875,0.106871375
werner,15,1,1,4,152038,1000,0.6870611892804926,499500,1000,29000,2,0.00082575,0.107954875,0.108780625
werner,15,1,1,5,152039,1000,0.6870611892804926,499500,1000,29000,2,0.000904959,0.1069575,0.107862459
werner,15,1,1,6,152040,1000,0.6870611892804926,499500,1000,29000,2,0.008143333,0.108498667,0.116642
werner,15,1,1,7,152041,1000,0.6870611892804926,499500,1000,29000,2,0.000813167,0.107017833,0.107831
netsquid,15,1,1,0,152034,1000,0.6870611892804924,499500,1000,29000,4,0.000506458,1.890430209,1.890936667
netsquid,15,1,1,1,152035,1000,0.6870611892804924,499500,1000,29000,4,0.000464375,1.895328666,1.895793041
netsquid,15,1,1,2,152036,1000,0.6870611892804924,499500,1000,29000,4,0.000501625,1.899097584,1.899599209
netsquid,15,1,1,3,152037,1000,0.6870611892804924,499500,1000,29000,4,0.000516375,1.902818667,1.903335042
netsquid,15,1,1,4,152038,1000,0.6870611892804924,499500,1000,29000,4,0.000456417,1.89388375,1.894340167
netsquid,15,1,1,5,152039,1000,0.6870611892804924,499500,1000,29000,4,0.000521084,1.903082166,1.90360325
netsquid,15,1,1,6,152040,1000,0.6870611892804924,499500,1000,29000,4,0.000493333,1.894935875,1.895429208
netsquid,15,1,1,7,152041,1000,0.6870611892804924,499500,1000,29000,4,0.000471,1.903635958,1.904106958
qubit,15,4,1,0,152034,1000,0.6870611892804925,499500,1000,29000,4,0.001023375,2.800126,2.801149375
qubit,15,4,1,1,152035,1000,0.6870611892804925,499500,1000,29000,4,0.001035584,2.791337708,2.792373292
qubit,15,4,1,2,152036,1000,0.6870611892804925,499500,1000,29000,4,0.001071042,2.780932791,2.782003833
qubit,15,4,1,3,152037,1000,0.6870611892804925,499500,1000,29000,4,0.001052292,2.773884458,2.77493675
qubit,15,4,1,4,152038,1000,0.6870611892804925,499500,1000,29000,4,0.001272834,2.881185041,2.882457875
qubit,15,4,1,5,152039,1000,0.6870611892804925,499500,1000,29000,4,0.001103167,2.899027958,2.900131125
qubit,15,4,1,6,152040,1000,0.6870611892804925,499500,1000,29000,4,0.001178875,2.900868041,2.902046916
qubit,15,4,1,7,152041,1000,0.6870611892804925,499500,1000,29000,4,0.001160584,2.916701833,2.917862417
qubit,15,1,1,0,152034,1000,0.6870611892804925,499500,1000,29000,4,0.000949083,2.27290975,2.273858833
qubit,15,1,1,1,152035,1000,0.6870611892804925,499500,1000,29000,4,0.000993333,2.277298958,2.278292291
qubit,15,1,1,2,152036,1000,0.6870611892804925,499500,1000,29000,4,0.001013416,2.290519417,2.291532833
qubit,15,1,1,3,152037,1000,0.6870611892804925,499500,1000,29000,4,0.000982292,2.277693083,2.278675375
qubit,15,1,1,4,152038,1000,0.6870611892804925,499500,1000,29000,4,0.000964042,2.278388417,2.279352459
qubit,15,1,1,5,152039,1000,0.6870611892804925,499500,1000,29000,4,0.000889333,2.282688542,2.283577875
qubit,15,1,1,6,152040,1000,0.6870611892804925,499500,1000,29000,4,0.000892834,2.273105791,2.273998625
qubit,15,1,1,7,152041,1000,0.6870611892804925,499500,1000,29000,4,0.000910917,2.274897,2.275807917
werner,20,4,1,0,202034,1000,0.6078354366407762,499500,1000,39000,2,0.001088333,0.177834917,0.17892325
werner,20,4,1,1,202035,1000,0.6078354366407762,499500,1000,39000,2,0.001048958,0.177340375,0.178389333
werner,20,4,1,2,202036,1000,0.6078354366407762,499500,1000,39000,2,0.001082916,0.175250834,0.17633375
werner,20,4,1,3,202037,1000,0.6078354366407762,499500,1000,39000,2,0.001042,0.177000375,0.178042375
werner,20,4,1,4,202038,1000,0.6078354366407762,499500,1000,39000,2,0.001083333,0.1778115,0.178894833
werner,20,4,1,5,202039,1000,0.6078354366407762,499500,1000,39000,2,0.00088125,0.177036791,0.177918041
werner,20,4,1,6,202040,1000,0.6078354366407762,499500,1000,39000,2,0.000856416,0.17706625,0.177922666
werner,20,4,1,7,202041,1000,0.6078354366407762,499500,1000,39000,2,0.000865792,0.176926541,0.177792333
werner,20,1,1,0,202034,1000,0.6078354366407762,499500,1000,39000,2,0.000950125,0.145678417,0.146628542
werner,20,1,1,1,202035,1000,0.6078354366407762,499500,1000,39000,2,0.000830458,0.144217834,0.145048292
werner,20,1,1,2,202036,1000,0.6078354366407762,499500,1000,39000,2,0.000806167,0.147207958,0.148014125
werner,20,1,1,3,202037,1000,0.6078354366407762,499500,1000,39000,2,0.0008365,0.144952417,0.145788917
werner,20,1,1,4,202038,1000,0.6078354366407762,499500,1000,39000,2,0.00088275,0.144745167,0.145627917
werner,20,1,1,5,202039,1000,0.6078354366407762,499500,1000,39000,2,0.000904084,0.144990041,0.145894125
werner,20,1,1,6,202040,1000,0.6078354366407762,499500,1000,39000,2,0.009027625,0.14611075,0.155138375
werner,20,1,1,7,202041,1000,0.6078354366407762,499500,1000,39000,2,0.000816083,0.144970834,0.145786917
netsquid,20,1,1,0,202034,1000,0.6078354366407761,499500,1000,39000,4,0.00046775,2.571331083,2.571798833
netsquid,20,1,1,1,202035,1000,0.6078354366407761,499500,1000,39000,4,0.000503875,2.567515916,2.568019791
netsquid,20,1,1,2,202036,1000,0.6078354366407761,499500,1000,39000,4,0.000480875,2.574069792,2.574550667
netsquid,20,1,1,3,202037,1000,0.6078354366407761,499500,1000,39000,4,0.000477083,2.579999167,2.58047625
netsquid,20,1,1,4,202038,1000,0.6078354366407761,499500,1000,39000,4,0.000559667,2.57952,2.580079667
netsquid,20,1,1,5,202039,1000,0.6078354366407761,499500,1000,39000,4,0.000483625,2.572017625,2.57250125
netsquid,20,1,1,6,202040,1000,0.6078354366407761,499500,1000,39000,4,0.000444291,2.574519709,2.574964
netsquid,20,1,1,7,202041,1000,0.6078354366407761,499500,1000,39000,4,0.000501792,2.573597375,2.574099167
qubit,20,4,1,0,202034,1000,0.607835436640776,499500,1000,39000,4,0.001223875,3.852555791,3.853779666
qubit,20,4,1,1,202035,1000,0.607835436640776,499500,1000,39000,4,0.001176333,3.873605958,3.874782291
qubit,20,4,1,2,202036,1000,0.607835436640776,499500,1000,39000,4,0.00116175,3.883100208,3.884261958
qubit,20,4,1,3,202037,1000,0.607835436640776,499500,1000,39000,4,0.001229375,3.844088334,3.845317709
qubit,20,4,1,4,202038,1000,0.607835436640776,499500,1000,39000,4,0.001037625,3.917117709,3.918155334
qubit,20,4,1,5,202039,1000,0.607835436640776,499500,1000,39000,4,0.001011292,3.94744,3.948451292
qubit,20,4,1,6,202040,1000,0.607835436640776,499500,1000,39000,4,0.00102325,3.969292584,3.970315834
qubit,20,4,1,7,202041,1000,0.607835436640776,499500,1000,39000,4,0.001001666,3.963121834,3.9641235
qubit,20,1,1,0,202034,1000,0.607835436640776,499500,1000,39000,4,0.001008916,3.133350917,3.134359833
qubit,20,1,1,1,202035,1000,0.607835436640776,499500,1000,39000,4,0.00086825,3.136475208,3.137343458
qubit,20,1,1,2,202036,1000,0.607835436640776,499500,1000,39000,4,0.001002292,3.124232916,3.125235208
qubit,20,1,1,3,202037,1000,0.607835436640776,499500,1000,39000,4,0.001060667,3.13503175,3.136092417
qubit,20,1,1,4,202038,1000,0.607835436640776,499500,1000,39000,4,0.000877709,3.113311083,3.114188792
qubit,20,1,1,5,202039,1000,0.607835436640776,499500,1000,39000,4,0.0009995,3.137374542,3.138374042
qubit,20,1,1,6,202040,1000,0.607835436640776,499500,1000,39000,4,0.001045375,3.159287375,3.16033275
qubit,20,1,1,7,202041,1000,0.607835436640776,499500,1000,39000,4,0.000875125,3.111219875,3.112095
werner,25,4,1,0,252034,999,0.5429708765188913,498501,1000,48996,2,0.001020833,0.2192765,0.220297333
werner,25,4,1,1,252035,999,0.5429708765188913,498501,1000,48996,2,0.0009965,0.218858666,0.219855166
werner,25,4,1,2,252036,999,0.5429708765188913,498501,1000,48996,2,0.00102575,0.220074792,0.221100542
werner,25,4,1,3,252037,999,0.5429708765188913,498501,1000,48996,2,0.000989292,0.222037333,0.223026625
werner,25,4,1,4,252038,999,0.5429708765188913,498501,1000,48996,2,0.0011415,0.229385708,0.230527208
werner,25,4,1,5,252039,999,0.5429708765188913,498501,1000,48996,2,0.00121425,0.228262792,0.229477042
werner,25,4,1,6,252040,999,0.5429708765188913,498501,1000,48996,2,0.001395792,0.226939375,0.228335167
werner,25,4,1,7,252041,999,0.5429708765188913,498501,1000,48996,2,0.001231166,0.225677917,0.226909083
werner,25,1,1,0,252034,999,0.5429708765188913,498501,1000,48996,2,0.000909791,0.183704959,0.18461475
werner,25,1,1,1,252035,999,0.5429708765188913,498501,1000,48996,2,0.000938417,0.185670541,0.186608958
werner,25,1,1,2,252036,999,0.5429708765188913,498501,1000,48996,2,0.000825667,0.185687,0.186512667
werner,25,1,1,3,252037,999,0.5429708765188913,498501,1000,48996,2,0.000806875,0.184738625,0.1855455
werner,25,1,1,4,252038,999,0.5429708765188913,498501,1000,48996,2,0.0008475,0.185147625,0.185995125
werner,25,1,1,5,252039,999,0.5429708765188913,498501,1000,48996,2,0.000913167,0.185011958,0.185925125
werner,25,1,1,6,252040,999,0.5429708765188913,498501,1000,48996,2,0.008701291,0.186734125,0.195435416
werner,25,1,1,7,252041,999,0.5429708765188913,498501,1000,48996,2,0.000802917,0.185022167,0.185825084
netsquid,25,1,1,0,252034,999,0.5429708765188911,498501,1000,48996,4,0.000492375,3.243621417,3.244113792
netsquid,25,1,1,1,252035,999,0.5429708765188911,498501,1000,48996,4,0.000543166,3.251759,3.252302166
netsquid,25,1,1,2,252036,999,0.5429708765188911,498501,1000,48996,4,0.000489417,3.260382167,3.260871584
netsquid,25,1,1,3,252037,999,0.5429708765188911,498501,1000,48996,4,0.000465917,3.261027792,3.261493709
netsquid,25,1,1,4,252038,999,0.5429708765188911,498501,1000,48996,4,0.000481833,3.253684417,3.25416625
netsquid,25,1,1,5,252039,999,0.5429708765188911,498501,1000,48996,4,0.000485416,3.252251417,3.252736833
netsquid,25,1,1,6,252040,999,0.5429708765188911,498501,1000,48996,4,0.000497583,3.24849,3.248987583
netsquid,25,1,1,7,252041,999,0.5429708765188911,498501,1000,48996,4,0.0004925,3.25612,3.2566125
qubit,25,4,1,0,252034,999,0.5429708765188911,498501,1000,48996,4,0.001181542,4.999546958,5.0007285
qubit,25,4,1,1,252035,999,0.5429708765188911,498501,1000,48996,4,0.000983,4.98591225,4.98689525
qubit,25,4,1,2,252036,999,0.5429708765188911,498501,1000,48996,4,0.001054,4.924351458,4.925405458
qubit,25,4,1,3,252037,999,0.5429708765188911,498501,1000,48996,4,0.001039375,4.938738042,4.939777417
qubit,25,4,1,4,252038,999,0.5429708765188911,498501,1000,48996,4,0.010194458,5.005795542,5.01599
qubit,25,4,1,5,252039,999,0.5429708765188911,498501,1000,48996,4,0.010009583,5.022366042,5.032375625
qubit,25,4,1,6,252040,999,0.5429708765188911,498501,1000,48996,4,0.010066208,5.082511583,5.092577791
qubit,25,4,1,7,252041,999,0.5429708765188911,498501,1000,48996,4,0.009556958,5.075512458,5.085069416
qubit,25,1,1,0,252034,999,0.5429708765188911,498501,1000,48996,4,0.000856292,3.966064333,3.966920625
qubit,25,1,1,1,252035,999,0.5429708765188911,498501,1000,48996,4,0.009563917,3.957293125,3.966857042
qubit,25,1,1,2,252036,999,0.5429708765188911,498501,1000,48996,4,0.000912375,3.976941125,3.9778535
qubit,25,1,1,3,252037,999,0.5429708765188911,498501,1000,48996,4,0.001011916,3.962835917,3.963847833
qubit,25,1,1,4,252038,999,0.5429708765188911,498501,1000,48996,4,0.000888334,3.974666041,3.975554375
qubit,25,1,1,5,252039,999,0.5429708765188911,498501,1000,48996,4,0.001018417,3.969531458,3.970549875
qubit,25,1,1,6,252040,999,0.5429708765188911,498501,1000,48996,4,0.000874417,3.978958917,3.979833334
qubit,25,1,1,7,252041,999,0.5429708765188911,498501,1000,48996,4,0.001017167,3.97249275,3.973509917
werner,30,4,1,0,302034,999,0.48986426636222835,498501,1000,58991,2,0.0010445,0.26324425,0.26428875
werner,30,4,1,1,302035,999,0.48986426636222835,498501,1000,58991,2,0.001091042,0.262975583,0.264066625
werner,30,4,1,2,302036,999,0.48986426636222835,498501,1000,58991,2,0.001031333,0.266051459,0.267082792
werner,30,4,1,3,302037,999,0.48986426636222835,498501,1000,58991,2,0.001033375,0.266909167,0.267942542
werner,30,4,1,4,302038,999,0.48986426636222835,498501,1000,58991,2,0.001015917,0.267635791,0.268651708
werner,30,4,1,5,302039,999,0.48986426636222835,498501,1000,58991,2,0.001079042,0.265750083,0.266829125
werner,30,4,1,6,302040,999,0.48986426636222835,498501,1000,58991,2,0.001344625,0.266555208,0.267899833
werner,30,4,1,7,302041,999,0.48986426636222835,498501,1000,58991,2,0.001475125,0.267097875,0.268573
werner,30,1,1,0,302034,999,0.48986426636222835,498501,1000,58991,2,0.000915875,0.2164285,0.217344375
werner,30,1,1,1,302035,999,0.48986426636222835,498501,1000,58991,2,0.001020625,0.217943334,0.218963959
werner,30,1,1,2,302036,999,0.48986426636222835,498501,1000,58991,2,0.000812792,0.218008083,0.218820875
werner,30,1,1,3,302037,999,0.48986426636222835,498501,1000,58991,2,0.00082,0.217355042,0.218175042
werner,30,1,1,4,302038,999,0.48986426636222835,498501,1000,58991,2,0.000834916,0.218964334,0.21979925
werner,30,1,1,5,302039,999,0.48986426636222835,498501,1000,58991,2,0.000869292,0.219055625,0.219924917
werner,30,1,1,6,302040,999,0.48986426636222835,498501,1000,58991,2,0.008428625,0.22034575,0.228774375
werner,30,1,1,7,302041,999,0.48986426636222835,498501,1000,58991,2,0.001016958,0.219673042,0.22069
netsquid,30,1,1,0,302034,999,0.48986426636222813,498501,1000,58991,4,0.000476458,3.963412667,3.963889125
netsquid,30,1,1,1,302035,999,0.48986426636222813,498501,1000,58991,4,0.000502083,3.939436375,3.939938458
netsquid,30,1,1,2,302036,999,0.48986426636222813,498501,1000,58991,4,0.000524334,3.978764416,3.97928875
netsquid,30,1,1,3,302037,999,0.48986426636222813,498501,1000,58991,4,0.000477,3.958864167,3.959341167
netsquid,30,1,1,4,302038,999,0.48986426636222813,498501,1000,58991,4,0.000509709,3.970313583,3.970823292
netsquid,30,1,1,5,302039,999,0.48986426636222813,498501,1000,58991,4,0.000515333,3.9492315,3.949746833
netsquid,30,1,1,6,302040,999,0.48986426636222813,498501,1000,58991,4,0.00047625,3.950621083,3.951097333
netsquid,30,1,1,7,302041,999,0.48986426636222813,498501,1000,58991,4,0.000529917,4.12953425,4.130064167
qubit,30,4,1,0,302034,999,0.4898642663622282,498501,1000,58991,4,0.001268625,6.114331917,6.115600542
qubit,30,4,1,1,302035,999,0.4898642663622282,498501,1000,58991,4,0.0012545,6.112153083,6.113407583
qubit,30,4,1,2,302036,999,0.4898642663622282,498501,1000,58991,4,0.001275667,6.079882666,6.081158333
qubit,30,4,1,3,302037,999,0.4898642663622282,498501,1000,58991,4,0.001264625,6.037785375,6.03905
qubit,30,4,1,4,302038,999,0.4898642663622282,498501,1000,58991,4,0.001335875,6.174507625,6.1758435
qubit,30,4,1,5,302039,999,0.4898642663622282,498501,1000,58991,4,0.001286042,6.201859958,6.203146
qubit,30,4,1,6,302040,999,0.4898642663622282,498501,1000,58991,4,0.001312875,6.242660792,6.243973667
qubit,30,4,1,7,302041,999,0.4898642663622282,498501,1000,58991,4,0.001391959,6.234995208,6.236387167
qubit,30,1,1,0,302034,999,0.4898642663622282,498501,1000,58991,4,0.001098167,4.828695916,4.829794083
qubit,30,1,1,1,302035,999,0.4898642663622282,498501,1000,58991,4,0.001073833,4.826673375,4.827747208
qubit,30,1,1,2,302036,999,0.4898642663622282,498501,1000,58991,4,0.001071,4.829808042,4.830879042
qubit,30,1,1,3,302037,999,0.4898642663622282,498501,1000,58991,4,0.001020459,4.832996375,4.834016834
qubit,30,1,1,4,302038,999,0.4898642663622282,498501,1000,58991,4,0.008810167,4.821503875,4.830314042
qubit,30,1,1,5,302039,999,0.4898642663622282,498501,1000,58991,4,0.001119209,4.841673958,4.842793167
qubit,30,1,1,6,302040,999,0.4898642663622282,498501,1000,58991,4,0.00106175,4.809098083,4.810159833
qubit,30,1,1,7,302041,999,0.4898642663622282,498501,1000,58991,4,0.001034917,4.81206625,4.813101167
werner,35,4,1,0,352034,999,0.4463842514352449,498501,1000,68986,2,0.001029958,0.310358,0.311387958
werner,35,4,1,1,352035,999,0.4463842514352449,498501,1000,68986,2,0.001008125,0.306828,0.307836125
werner,35,4,1,2,352036,999,0.4463842514352449,498501,1000,68986,2,0.000998959,0.309158541,0.3101575
werner,35,4,1,3,352037,999,0.4463842514352449,498501,1000,68986,2,0.001045667,0.310261083,0.31130675
werner,35,4,1,4,352038,999,0.4463842514352449,498501,1000,68986,2,0.001228792,0.323538417,0.324767209
werner,35,4,1,5,352039,999,0.4463842514352449,498501,1000,68986,2,0.001276833,0.320707084,0.321983917
werner,35,4,1,6,352040,999,0.4463842514352449,498501,1000,68986,2,0.001207417,0.322634167,0.323841584
werner,35,4,1,7,352041,999,0.4463842514352449,498501,1000,68986,2,0.0012735,0.317325959,0.318599459
werner,35,1,1,0,352034,999,0.4463842514352449,498501,1000,68986,2,0.000905584,0.256601375,0.257506959
werner,35,1,1,1,352035,999,0.4463842514352449,498501,1000,68986,2,0.000977209,0.25636575,0.257342959
werner,35,1,1,2,352036,999,0.4463842514352449,498501,1000,68986,2,0.000819584,0.256244958,0.257064542
werner,35,1,1,3,352037,999,0.4463842514352449,498501,1000,68986,2,0.000868583,0.251773833,0.252642416
werner,35,1,1,4,352038,999,0.4463842514352449,498501,1000,68986,2,0.000868041,0.255661459,0.2565295
werner,35,1,1,5,352039,999,0.4463842514352449,498501,1000,68986,2,0.0008835,0.255430042,0.256313542
werner,35,1,1,6,352040,999,0.4463842514352449,498501,1000,68986,2,0.008262208,0.255738,0.264000208
werner,35,1,1,7,352041,999,0.4463842514352449,498501,1000,68986,2,0.000947958,0.25351925,0.254467208
netsquid,35,1,1,0,352034,999,0.4463842514352447,498501,1000,68986,4,0.000512084,4.612444,4.612956084
netsquid,35,1,1,1,352035,999,0.4463842514352447,498501,1000,68986,4,0.00049125,4.628933667,4.629424917
netsquid,35,1,1,2,352036,999,0.4463842514352447,498501,1000,68986,4,0.000498291,4.621127542,4.621625833
netsquid,35,1,1,3,352037,999,0.4463842514352447,498501,1000,68986,4,0.000473875,4.615307125,4.615781
netsquid,35,1,1,4,352038,999,0.4463842514352447,498501,1000,68986,4,0.000469917,4.629902958,4.630372875
netsquid,35,1,1,5,352039,999,0.4463842514352447,498501,1000,68986,4,0.000462958,4.624044375,4.624507333
netsquid,35,1,1,6,352040,999,0.4463842514352447,498501,1000,68986,4,0.000489208,4.637735584,4.638224792
netsquid,35,1,1,7,352041,999,0.4463842514352447,498501,1000,68986,4,0.000471583,4.836243459,4.836715042
qubit,35,4,1,0,352034,999,0.44638425143524474,498501,1000,68986,4,0.000955833,7.256762875,7.257718708
qubit,35,4,1,1,352035,999,0.44638425143524474,498501,1000,68986,4,0.000967084,7.1880535,7.189020584
qubit,35,4,1,2,352036,999,0.44638425143524474,498501,1000,68986,4,0.000967625,7.133881875,7.1348495
qubit,35,4,1,3,352037,999,0.44638425143524474,498501,1000,68986,4,0.000976292,7.168432541,7.169408833
qubit,35,4,1,4,352038,999,0.44638425143524474,498501,1000,68986,4,0.001384875,7.282497583,7.283882458
qubit,35,4,1,5,352039,999,0.44638425143524474,498501,1000,68986,4,0.00137575,7.314752,7.31612775
qubit,35,4,1,6,352040,999,0.44638425143524474,498501,1000,68986,4,0.001346709,7.325601958,7.326948667
qubit,35,4,1,7,352041,999,0.44638425143524474,498501,1000,68986,4,0.001433292,7.372261167,7.373694459
qubit,35,1,1,0,352034,999,0.44638425143524474,498501,1000,68986,4,0.000879667,5.664937208,5.665816875
qubit,35,1,1,1,352035,999,0.44638425143524474,498501,1000,68986,4,0.001103458,5.655335167,5.656438625
qubit,35,1,1,2,352036,999,0.44638425143524474,498501,1000,68986,4,0.0008815,5.668870666,5.669752166
qubit,35,1,1,3,352037,999,0.44638425143524474,498501,1000,68986,4,0.001121958,5.656985042,5.658107
qubit,35,1,1,4,352038,999,0.44638425143524474,498501,1000,68986,4,0.001079041,5.662008334,5.663087375
qubit,35,1,1,5,352039,999,0.44638425143524474,498501,1000,68986,4,0.001220167,5.69724125,5.698461417
qubit,35,1,1,6,352040,999,0.44638425143524474,498501,1000,68986,4,0.001230958,5.691872334,5.693103292
qubit,35,1,1,7,352041,999,0.44638425143524474,498501,1000,68986,4,0.001108333,5.647617292,5.648725625
werner,40,4,1,0,402034,999,0.4107858260702339,498501,1000,78981,2,0.001027,0.353341458,0.354368458
werner,40,4,1,1,402035,999,0.4107858260702339,498501,1000,78981,2,0.00101925,0.354171875,0.355191125
werner,40,4,1,2,402036,999,0.4107858260702339,498501,1000,78981,2,0.001013625,0.356078125,0.35709175
werner,40,4,1,3,402037,999,0.4107858260702339,498501,1000,78981,2,0.001023541,0.355656875,0.356680416
werner,40,4,1,4,402038,999,0.4107858260702339,498501,1000,78981,2,0.001048708,0.36368975,0.364738458
werner,40,4,1,5,402039,999,0.4107858260702339,498501,1000,78981,2,0.001064292,0.377752166,0.378816458
werner,40,4,1,6,402040,999,0.4107858260702339,498501,1000,78981,2,0.001069833,0.372148833,0.373218666
werner,40,4,1,7,402041,999,0.4107858260702339,498501,1000,78981,2,0.00114975,0.374364541,0.375514291
werner,40,1,1,0,402034,999,0.4107858260702339,498501,1000,78981,2,0.000929416,0.294562084,0.2954915
werner,40,1,1,1,402035,999,0.4107858260702339,498501,1000,78981,2,0.000966833,0.292783708,0.293750541
werner,40,1,1,2,402036,999,0.4107858260702339,498501,1000,78981,2,0.000828125,0.294305334,0.295133459
werner,40,1,1,3,402037,999,0.4107858260702339,498501,1000,78981,2,0.000826375,0.293268,0.294094375
werner,40,1,1,4,402038,999,0.4107858260702339,498501,1000,78981,2,0.000862583,0.294291958,0.295154541
werner,40,1,1,5,402039,999,0.4107858260702339,498501,1000,78981,2,0.0009075,0.293698458,0.294605958
werner,40,1,1,6,402040,999,0.4107858260702339,498501,1000,78981,2,0.008060875,0.296124083,0.304184958
werner,40,1,1,7,402041,999,0.4107858260702339,498501,1000,78981,2,0.000934417,0.296129458,0.297063875
netsquid,40,1,1,0,402034,999,0.4107858260702337,498501,1000,78981,4,0.000524583,5.315666833,5.316191416
netsquid,40,1,1,1,402035,999,0.4107858260702337,498501,1000,78981,4,0.000531041,5.314403625,5.314934666
netsquid,40,1,1,2,402036,999,0.4107858260702337,498501,1000,78981,4,0.000509,5.304343041,5.304852041
netsquid,40,1,1,3,402037,999,0.4107858260702337,498501,1000,78981,4,0.000484541,5.321965167,5.322449708
netsquid,40,1,1,4,402038,999,0.4107858260702337,498501,1000,78981,4,0.00049525,5.302564959,5.303060209
netsquid,40,1,1,5,402039,999,0.4107858260702337,498501,1000,78981,4,0.00052725,5.311774209,5.312301459
netsquid,40,1,1,6,402040,999,0.4107858260702337,498501,1000,78981,4,0.000469459,5.378219,5.378688459
netsquid,40,1,1,7,402041,999,0.4107858260702337,498501,1000,78981,4,0.000526459,5.349385791,5.34991225
qubit,40,4,1,0,402034,999,0.4107858260702337,498501,1000,78981,4,0.001121458,8.391569917,8.392691375
qubit,40,4,1,1,402035,999,0.4107858260702337,498501,1000,78981,4,0.001184209,8.345059875,8.346244084
qubit,40,4,1,2,402036,999,0.4107858260702337,498501,1000,78981,4,0.001197792,8.313059916,8.314257708
qubit,40,4,1,3,402037,999,0.4107858260702337,498501,1000,78981,4,0.001166625,8.285842959,8.287009584
qubit,40,4,1,4,402038,999,0.4107858260702337,498501,1000,78981,4,0.010926708,8.467901833,8.478828541
qubit,40,4,1,5,402039,999,0.4107858260702337,498501,1000,78981,4,0.010400208,8.486716542,8.49711675
qubit,40,4,1,6,402040,999,0.4107858260702337,498501,1000,78981,4,0.010139917,8.495708167,8.505848084
qubit,40,4,1,7,402041,999,0.4107858260702337,498501,1000,78981,4,0.010868625,8.529891958,8.540760583
qubit,40,1,1,0,402034,999,0.4107858260702337,498501,1000,78981,4,0.00107175,6.484812583,6.485884333
qubit,40,1,1,1,402035,999,0.4107858260702337,498501,1000,78981,4,0.009214417,6.475262166,6.484476583
qubit,40,1,1,2,402036,999,0.4107858260702337,498501,1000,78981,4,0.001079833,6.484219625,6.485299458
qubit,40,1,1,3,402037,999,0.4107858260702337,498501,1000,78981,4,0.001171958,6.474355708,6.475527666
qubit,40,1,1,4,402038,999,0.4107858260702337,498501,1000,78981,4,0.001174625,6.528534875,6.5297095
qubit,40,1,1,5,402039,999,0.4107858260702337,498501,1000,78981,4,0.009387125,6.490103208,6.499490333
qubit,40,1,1,6,402040,999,0.4107858260702337,498501,1000,78981,4,0.001043166,6.479605917,6.480649083
qubit,40,1,1,7,402041,999,0.4107858260702337,498501,1000,78981,4,0.001189458,6.470253042,6.4714425
werner,45,4,1,0,452034,998,0.381640300462748,497503,1000,88972,2,0.000991708,0.400737833,0.401729541
werner,45,4,1,1,452035,998,0.381640300462748,497503,1000,88972,2,0.000974875,0.401368541,0.402343416
werner,45,4,1,2,452036,998,0.381640300462748,497503,1000,88972,2,0.001025958,0.400204292,0.40123025
werner,45,4,1,3,452037,998,0.381640300462748,497503,1000,88972,2,0.0010015,0.399282167,0.400283667
werner,45,4,1,4,452038,998,0.381640300462748,497503,1000,88972,2,0.001055625,0.409031,0.410086625
werner,45,4,1,5,452039,998,0.381640300462748,497503,1000,88972,2,0.001067542,0.411235833,0.412303375
werner,45,4,1,6,452040,998,0.381640300462748,497503,1000,88972,2,0.001028167,0.408247708,0.409275875
werner,45,4,1,7,452041,998,0.381640300462748,497503,1000,88972,2,0.001037459,0.40971225,0.410749709
werner,45,1,1,0,452034,998,0.381640300462748,497503,1000,88972,2,0.000916625,0.329578042,0.330494667
werner,45,1,1,1,452035,998,0.381640300462748,497503,1000,88972,2,0.001008542,0.34586725,0.346875792
werner,45,1,1,2,452036,998,0.381640300462748,497503,1000,88972,2,0.000810042,0.328916792,0.329726834
werner,45,1,1,3,452037,998,0.381640300462748,497503,1000,88972,2,0.000851667,0.332436333,0.333288
werner,45,1,1,4,452038,998,0.381640300462748,497503,1000,88972,2,0.000862334,0.331727625,0.332589959
werner,45,1,1,5,452039,998,0.381640300462748,497503,1000,88972,2,0.000933,0.33061375,0.33154675
werner,45,1,1,6,452040,998,0.381640300462748,497503,1000,88972,2,0.008812375,0.333360583,0.342172958
werner,45,1,1,7,452041,998,0.381640300462748,497503,1000,88972,2,0.000979625,0.330298417,0.331278042
netsquid,45,1,1,0,452034,998,0.3816403004627478,497503,1000,88972,4,0.000491958,5.945974125,5.946466083
netsquid,45,1,1,1,452035,998,0.3816403004627478,497503,1000,88972,4,0.000498292,5.934389958,5.93488825
netsquid,45,1,1,2,452036,998,0.3816403004627478,497503,1000,88972,4,0.000505833,5.927066083,5.927571916
netsquid,45,1,1,3,452037,998,0.3816403004627478,497503,1000,88972,4,0.000488125,5.927266709,5.927754834
netsquid,45,1,1,4,452038,998,0.3816403004627478,497503,1000,88972,4,0.00049475,5.937422666,5.937917416
netsquid,45,1,1,5,452039,998,0.3816403004627478,497503,1000,88972,4,0.000489292,5.960064625,5.960553917
netsquid,45,1,1,6,452040,998,0.3816403004627478,497503,1000,88972,4,0.000479167,6.118785,6.119264167
netsquid,45,1,1,7,452041,998,0.3816403004627478,497503,1000,88972,4,0.0005135,5.919713042,5.920226542
qubit,45,4,1,0,452034,998,0.3816403004627478,497503,1000,88972,4,0.001326083,9.520409,9.521735083
qubit,45,4,1,1,452035,998,0.3816403004627478,497503,1000,88972,4,0.001395792,9.451297583,9.452693375
qubit,45,4,1,2,452036,998,0.3816403004627478,497503,1000,88972,4,0.001384,9.4089005,9.4102845
qubit,45,4,1,3,452037,998,0.3816403004627478,497503,1000,88972,4,0.001346916,9.415698084,9.417045
qubit,45,4,1,4,452038,998,0.3816403004627478,497503,1000,88972,4,0.001376,9.600932583,9.602308583
qubit,45,4,1,5,452039,998,0.3816403004627478,497503,1000,88972,4,0.00142975,9.60828475,9.6097145
qubit,45,4,1,6,452040,998,0.3816403004627478,497503,1000,88972,4,0.001428167,9.631425042,9.632853209
qubit,45,4,1,7,452041,998,0.3816403004627478,497503,1000,88972,4,0.001381917,9.688884625,9.690266542
qubit,45,1,1,0,452034,998,0.3816403004627478,497503,1000,88972,4,0.001170667,7.31959225,7.320762917
qubit,45,1,1,1,452035,998,0.3816403004627478,497503,1000,88972,4,0.001057542,7.324593,7.325650542
qubit,45,1,1,2,452036,998,0.3816403004627478,497503,1000,88972,4,0.00115925,7.366717916,7.367877166
qubit,45,1,1,3,452037,998,0.3816403004627478,497503,1000,88972,4,0.00104925,7.333949,7.33499825
qubit,45,1,1,4,452038,998,0.3816403004627478,497503,1000,88972,4,0.0012265,7.327796084,7.329022584
qubit,45,1,1,5,452039,998,0.3816403004627478,497503,1000,88972,4,0.00102925,7.336925416,7.337954666
qubit,45,1,1,6,452040,998,0.3816403004627478,497503,1000,88972,4,0.001166666,7.341861167,7.343027833
qubit,45,1,1,7,452041,998,0.3816403004627478,497503,1000,88972,4,0.001056041,7.403547292,7.404603333
werner,50,4,1,0,502034,998,0.3577779623332775,497503,1000,98962,2,0.000974791,0.462857542,0.463832333
werner,50,4,1,1,502035,998,0.3577779623332775,497503,1000,98962,2,0.000981542,0.459722083,0.460703625
werner,50,4,1,2,502036,998,0.3577779623332775,497503,1000,98962,2,0.00100225,0.460991417,0.461993667
werner,50,4,1,3,502037,998,0.3577779623332775,497503,1000,98962,2,0.000967333,0.461113,0.462080333
werner,50,4,1,4,502038,998,0.3577779623332775,497503,1000,98962,2,0.001069666,0.468261834,0.4693315
werner,50,4,1,5,502039,998,0.3577779623332775,497503,1000,98962,2,0.001105333,0.479135125,0.480240458
werner,50,4,1,6,502040,998,0.3577779623332775,497503,1000,98962,2,0.0011195,0.478139375,0.479258875
werner,50,4,1,7,502041,998,0.3577779623332775,497503,1000,98962,2,0.001184458,0.470264917,0.471449375
werner,50,1,1,0,502034,998,0.3577779623332775,497503,1000,98962,2,0.000941834,0.378879,0.379820834
werner,50,1,1,1,502035,998,0.3577779623332775,497503,1000,98962,2,0.00112225,0.375695958,0.376818208
werner,50,1,1,2,502036,998,0.3577779623332775,497503,1000,98962,2,0.000837792,0.371041417,0.371879209
werner,50,1,1,3,502037,998,0.3577779623332775,497503,1000,98962,2,0.00084375,0.373471125,0.374314875
werner,50,1,1,4,502038,998,0.3577779623332775,497503,1000,98962,2,0.000875542,0.367221708,0.36809725
werner,50,1,1,5,502039,998,0.3577779623332775,497503,1000,98962,2,0.000899125,0.368990125,0.36988925
werner,50,1,1,6,502040,998,0.3577779623332775,497503,1000,98962,2,0.0091545,0.369180083,0.378334583
werner,50,1,1,7,502041,998,0.3577779623332775,497503,1000,98962,2,0.000940708,0.368398375,0.369339083
netsquid,50,1,1,0,502034,998,0.3577779623332773,497503,1000,98962,4,0.000467125,6.717498833,6.717965958
netsquid,50,1,1,1,502035,998,0.3577779623332773,497503,1000,98962,4,0.000459958,6.682215459,6.682675417
netsquid,50,1,1,2,502036,998,0.3577779623332773,497503,1000,98962,4,0.00046475,6.651105042,6.651569792
netsquid,50,1,1,3,502037,998,0.3577779623332773,497503,1000,98962,4,0.000469416,6.818218834,6.81868825
netsquid,50,1,1,4,502038,998,0.3577779623332773,497503,1000,98962,4,0.000472,6.65266625,6.65313825
netsquid,50,1,1,5,502039,998,0.3577779623332773,497503,1000,98962,4,0.000470708,6.645696875,6.646167583
netsquid,50,1,1,6,502040,998,0.3577779623332773,497503,1000,98962,4,0.000477417,6.655583041,6.656060458
netsquid,50,1,1,7,502041,998,0.3577779623332773,497503,1000,98962,4,0.000472834,6.669316625,6.669789459
qubit,50,4,1,0,502034,998,0.3577779623332773,497503,1000,98962,4,0.001212709,10.701557416,10.702770125
qubit,50,4,1,1,502035,998,0.3577779623332773,497503,1000,98962,4,0.001206917,10.541208083,10.542415
qubit,50,4,1,2,502036,998,0.3577779623332773,497503,1000,98962,4,0.001244667,10.577096542,10.578341209
qubit,50,4,1,3,502037,998,0.3577779623332773,497503,1000,98962,4,0.001068167,10.599094458,10.600162625
qubit,50,4,1,4,502038,998,0.3577779623332773,497503,1000,98962,4,0.001388208,10.814892084,10.816280292
qubit,50,4,1,5,502039,998,0.3577779623332773,497503,1000,98962,4,0.001467084,10.806207916,10.807675
qubit,50,4,1,6,502040,998,0.3577779623332773,497503,1000,98962,4,0.001411417,10.820914416,10.822325833
qubit,50,4,1,7,502041,998,0.3577779623332773,497503,1000,98962,4,0.001612958,10.94119,10.942802958
qubit,50,1,1,0,502034,998,0.3577779623332773,497503,1000,98962,4,0.000867583,8.163161417,8.164029
qubit,50,1,1,1,502035,998,0.3577779623332773,497503,1000,98962,4,0.001126041,8.135008417,8.136134458
qubit,50,1,1,2,502036,998,0.3577779623332773,497503,1000,98962,4,0.001066875,8.127985666,8.129052541
qubit,50,1,1,3,502037,998,0.3577779623332773,497503,1000,98962,4,0.001167458,8.129808042,8.1309755
qubit,50,1,1,4,502038,998,0.3577779623332773,497503,1000,98962,4,0.001153875,8.146033958,8.147187833
qubit,50,1,1,5,502039,998,0.3577779623332773,497503,1000,98962,4,0.001231041,8.159517959,8.160749
qubit,50,1,1,6,502040,998,0.3577779623332773,497503,1000,98962,4,0.001120916,8.138666375,8.139787291
qubit,50,1,1,7,502041,998,0.3577779623332773,497503,1000,98962,4,0.001059083,8.282303458,8.283362541
netsquid,5,1,2,0,52042,1000,0.9020186765491044,499500,1000,9000,4,0.000445958,0.530710458,0.531156416
netsquid,5,1,2,1,52043,1000,0.9020186765491044,499500,1000,9000,4,0.000432084,0.528140666,0.52857275
netsquid,5,1,2,2,52044,1000,0.9020186765491044,499500,1000,9000,4,0.000506708,0.533975917,0.534482625
netsquid,5,1,2,3,52045,1000,0.9020186765491044,499500,1000,9000,4,0.00049175,0.531305333,0.531797083
netsquid,5,1,2,4,52046,1000,0.9020186765491044,499500,1000,9000,4,0.000442875,0.532890333,0.533333208
netsquid,5,1,2,5,52047,1000,0.9020186765491044,499500,1000,9000,4,0.000491375,0.533050833,0.533542208
netsquid,5,1,2,6,52048,1000,0.9020186765491044,499500,1000,9000,4,0.00046175,0.531928833,0.532390583
netsquid,5,1,2,7,52049,1000,0.9020186765491044,499500,1000,9000,4,0.000439125,0.526395917,0.526835042
qubit,5,1,2,0,52042,1000,0.9020186765491044,499500,1000,9000,4,0.00090375,0.578751583,0.579655333
qubit,5,1,2,1,52043,1000,0.9020186765491044,499500,1000,9000,4,0.000975125,0.584356209,0.585331334
qubit,5,1,2,2,52044,1000,0.9020186765491044,499500,1000,9000,4,0.000883834,0.584129375,0.585013209
qubit,5,1,2,3,52045,1000,0.9020186765491044,499500,1000,9000,4,0.00098725,0.583324959,0.584312209
qubit,5,1,2,4,52046,1000,0.9020186765491044,499500,1000,9000,4,0.001023459,0.583900875,0.584924334
qubit,5,1,2,5,52047,1000,0.9020186765491044,499500,1000,9000,4,0.000960416,0.589392792,0.590353208
qubit,5,1,2,6,52048,1000,0.9020186765491044,499500,1000,9000,4,0.001015209,0.581922333,0.582937542
qubit,5,1,2,7,52049,1000,0.9020186765491044,499500,1000,9000,4,0.000911459,0.580043916,0.580955375
qubit,5,4,2,0,52042,1000,0.9020186765491044,499500,1000,9000,4,0.000950083,0.686245875,0.687195958
qubit,5,4,2,1,52043,1000,0.9020186765491044,499500,1000,9000,4,0.000960791,0.678496917,0.679457708
qubit,5,4,2,2,52044,1000,0.9020186765491044,499500,1000,9000,4,0.000935583,0.682475042,0.683410625
qubit,5,4,2,3,52045,1000,0.9020186765491044,499500,1000,9000,4,0.0009295,0.68101575,0.68194525
qubit,5,4,2,4,52046,1000,0.9020186765491044,499500,1000,9000,4,0.001132375,0.691628333,0.692760708
qubit,5,4,2,5,52047,1000,0.9020186765491044,499500,1000,9000,4,0.001108042,0.690384292,0.691492334
qubit,5,4,2,6,52048,1000,0.9020186765491044,499500,1000,9000,4,0.00110275,0.698276875,0.699379625
qubit,5,4,2,7,52049,1000,0.9020186765491044,499500,1000,9000,4,0.001084459,0.6922905,0.693374959
werner,5,1,2,0,52042,1000,0.9020186765491045,499500,1000,9000,2,0.000888959,0.030941166,0.031830125
werner,5,1,2,1,52043,1000,0.9020186765491045,499500,1000,9000,2,0.000766583,0.030993542,0.031760125
werner,5,1,2,2,52044,1000,0.9020186765491045,499500,1000,9000,2,0.000784167,0.031052375,0.031836542
werner,5,1,2,3,52045,1000,0.9020186765491045,499500,1000,9000,2,0.000820042,0.031073,0.031893042
werner,5,1,2,4,52046,1000,0.9020186765491045,499500,1000,9000,2,0.000904917,0.030958875,0.031863792
werner,5,1,2,5,52047,1000,0.9020186765491045,499500,1000,9000,2,0.000772208,0.030783459,0.031555667
werner,5,1,2,6,52048,1000,0.9020186765491045,499500,1000,9000,2,0.000779,0.030633792,0.031412792
werner,5,1,2,7,52049,1000,0.9020186765491045,499500,1000,9000,2,0.007935084,0.030963458,0.038898542
werner,5,4,2,0,52042,1000,0.9020186765491045,499500,1000,9000,2,0.001166625,0.037649875,0.0388165
werner,5,4,2,1,52043,1000,0.9020186765491045,499500,1000,9000,2,0.001197916,0.038028459,0.039226375
werner,5,4,2,2,52044,1000,0.9020186765491045,499500,1000,9000,2,0.001173125,0.037474166,0.038647291
werner,5,4,2,3,52045,1000,0.9020186765491045,499500,1000,9000,2,0.001160167,0.037495292,0.038655459
werner,5,4,2,4,52046,1000,0.9020186765491045,499500,1000,9000,2,0.001029333,0.037617625,0.038646958
werner,5,4,2,5,52047,1000,0.9020186765491045,499500,1000,9000,2,0.001015333,0.037120375,0.038135708
werner,5,4,2,6,52048,1000,0.9020186765491045,499500,1000,9000,2,0.0009945,0.038067041,0.039061541
werner,5,4,2,7,52049,1000,0.9020186765491045,499500,1000,9000,2,0.001017375,0.037685375,0.03870275
netsquid,10,1,2,0,102042,1000,0.7838277420719575,499500,1000,19000,4,0.000476375,1.214737209,1.215213584
netsquid,10,1,2,1,102043,1000,0.7838277420719575,499500,1000,19000,4,0.000499292,1.213921541,1.214420833
netsquid,10,1,2,2,102044,1000,0.7838277420719575,499500,1000,19000,4,0.00048325,1.210263208,1.210746458
netsquid,10,1,2,3,102045,1000,0.7838277420719575,499500,1000,19000,4,0.000495208,1.216912917,1.217408125
netsquid,10,1,2,4,102046,1000,0.7838277420719575,499500,1000,19000,4,0.00048475,1.212078542,1.212563292
netsquid,10,1,2,5,102047,1000,0.7838277420719575,499500,1000,19000,4,0.000484625,1.210062458,1.210547083
netsquid,10,1,2,6,102048,1000,0.7838277420719575,499500,1000,19000,4,0.000483542,1.215129958,1.2156135
netsquid,10,1,2,7,102049,1000,0.7838277420719575,499500,1000,19000,4,0.000511334,1.213208166,1.2137195
qubit,10,1,2,0,102042,1000,0.7838277420719574,499500,1000,19000,4,0.008308458,1.441968209,1.450276667
qubit,10,1,2,1,102043,1000,0.7838277420719574,499500,1000,19000,4,0.000944333,1.433099667,1.434044
qubit,10,1,2,2,102044,1000,0.7838277420719574,499500,1000,19000,4,0.000937083,1.4400705,1.441007583
qubit,10,1,2,3,102045,1000,0.7838277420719574,499500,1000,19000,4,0.001022958,1.449990875,1.451013833
qubit,10,1,2,4,102046,1000,0.7838277420719574,499500,1000,19000,4,0.000964292,1.436950958,1.43791525
qubit,10,1,2,5,102047,1000,0.7838277420719574,499500,1000,19000,4,0.000934834,1.455267208,1.456202042
qubit,10,1,2,6,102048,1000,0.7838277420719574,499500,1000,19000,4,0.000936667,1.451111,1.452047667
qubit,10,1,2,7,102049,1000,0.7838277420719574,499500,1000,19000,4,0.000996708,1.443194667,1.444191375
qubit,10,4,2,0,102042,1000,0.7838277420719574,499500,1000,19000,4,0.013595625,1.734221084,1.747816709
qubit,10,4,2,1,102043,1000,0.7838277420719574,499500,1000,19000,4,0.013521333,1.728860625,1.742381958
qubit,10,4,2,2,102044,1000,0.7838277420719574,499500,1000,19000,4,0.013261334,1.724535291,1.737796625
qubit,10,4,2,3,102045,1000,0.7838277420719574,499500,1000,19000,4,0.01353725,1.733853417,1.747390667
qubit,10,4,2,4,102046,1000,0.7838277420719574,499500,1000,19000,4,0.001131333,1.753692417,1.75482375
qubit,10,4,2,5,102047,1000,0.7838277420719574,499500,1000,19000,4,0.001056583,1.765133584,1.766190167
qubit,10,4,2,6,102048,1000,0.7838277420719574,499500,1000,19000,4,0.001146208,1.751867459,1.753013667
qubit,10,4,2,7,102049,1000,0.7838277420719574,499500,1000,19000,4,0.001203166,1.764754459,1.765957625
werner,10,1,2,0,102042,1000,0.7838277420719576,499500,1000,19000,2,0.000904666,0.069848667,0.070753333
werner,10,1,2,1,102043,1000,0.7838277420719576,499500,1000,19000,2,0.000779084,0.069503125,0.070282209
werner,10,1,2,2,102044,1000,0.7838277420719576,499500,1000,19000,2,0.000830208,0.069625042,0.07045525
werner,10,1,2,3,102045,1000,0.7838277420719576,499500,1000,19000,2,0.000788375,0.069765125,0.0705535
werner,10,1,2,4,102046,1000,0.7838277420719576,499500,1000,19000,2,0.000851417,0.070208458,0.071059875
werner,10,1,2,5,102047,1000,0.7838277420719576,499500,1000,19000,2,0.000939042,0.070294833,0.071233875
werner,10,1,2,6,102048,1000,0.7838277420719576,499500,1000,19000,2,0.008905209,0.070011916,0.078917125
werner,10,1,2,7,102049,1000,0.7838277420719576,499500,1000,19000,2,0.000803917,0.069014958,0.069818875
werner,10,4,2,0,102042,1000,0.7838277420719576,499500,1000,19000,2,0.001061458,0.088248375,0.089309833
werner,10,4,2,1,102043,1000,0.7838277420719576,499500,1000,19000,2,0.001065791,0.0883495,0.089415291
werner,10,4,2,2,102044,1000,0.7838277420719576,499500,1000,19000,2,0.001051292,0.0872995,0.088350792
werner,10,4,2,3,102045,1000,0.7838277420719576,499500,1000,19000,2,0.001065875,0.088060417,0.089126292
werner,10,4,2,4,102046,1000,0.7838277420719576,499500,1000,19000,2,0.0012135,0.089749166,0.090962666
werner,10,4,2,5,102047,1000,0.7838277420719576,499500,1000,19000,2,0.001154459,0.0894315,0.090585959
werner,10,4,2,6,102048,1000,0.7838277420719576,499500,1000,19000,2,0.001094333,0.089081875,0.090176208
werner,10,4,2,7,102049,1000,0.7838277420719576,499500,1000,19000,2,0.001073209,0.088915625,0.089988834
netsquid,15,1,2,0,152042,1000,0.6870611892804924,499500,1000,29000,4,0.000517917,1.901128208,1.901646125
netsquid,15,1,2,1,152043,1000,0.6870611892804924,499500,1000,29000,4,0.00047475,1.905655125,1.906129875
netsquid,15,1,2,2,152044,1000,0.6870611892804924,499500,1000,29000,4,0.000520792,1.905231,1.905751792
netsquid,15,1,2,3,152045,1000,0.6870611892804924,499500,1000,29000,4,0.000506,1.908466292,1.908972292
netsquid,15,1,2,4,152046,1000,0.6870611892804924,499500,1000,29000,4,0.000465375,1.904780542,1.905245917
netsquid,15,1,2,5,152047,1000,0.6870611892804924,499500,1000,29000,4,0.000493625,1.901156084,1.901649709
netsquid,15,1,2,6,152048,1000,0.6870611892804924,499500,1000,29000,4,0.000524583,1.902233667,1.90275825
netsquid,15,1,2,7,152049,1000,0.6870611892804924,499500,1000,29000,4,0.000449584,1.906233291,1.906682875
qubit,15,1,2,0,152042,1000,0.6870611892804925,499500,1000,29000,4,0.000948667,2.2742275,2.275176167
qubit,15,1,2,1,152043,1000,0.6870611892804925,499500,1000,29000,4,0.000973792,2.27536525,2.276339042
qubit,15,1,2,2,152044,1000,0.6870611892804925,499500,1000,29000,4,0.000978916,2.288949417,2.289928333
qubit,15,1,2,3,152045,1000,0.6870611892804925,499500,1000,29000,4,0.000967583,2.270155833,2.271123416
qubit,15,1,2,4,152046,1000,0.6870611892804925,499500,1000,29000,4,0.000976042,2.288366041,2.289342083
qubit,15,1,2,5,152047,1000,0.6870611892804925,499500,1000,29000,4,0.00088925,2.281972083,2.282861333
qubit,15,1,2,6,152048,1000,0.6870611892804925,499500,1000,29000,4,0.000870959,2.270134708,2.271005667
qubit,15,1,2,7,152049,1000,0.6870611892804925,499500,1000,29000,4,0.000888459,2.273103125,2.273991584
qubit,15,4,2,0,152042,1000,0.6870611892804925,499500,1000,29000,4,0.001052167,2.809817791,2.810869958
qubit,15,4,2,1,152043,1000,0.6870611892804925,499500,1000,29000,4,0.001069875,2.808706208,2.809776083
qubit,15,4,2,2,152044,1000,0.6870611892804925,499500,1000,29000,4,0.001074708,2.787226583,2.788301291
qubit,15,4,2,3,152045,1000,0.6870611892804925,499500,1000,29000,4,0.001066542,2.81612825,2.817194792
qubit,15,4,2,4,152046,1000,0.6870611892804925,499500,1000,29000,4,0.001203917,2.84257625,2.843780167
qubit,15,4,2,5,152047,1000,0.6870611892804925,499500,1000,29000,4,0.001180791,2.858103125,2.859283916
qubit,15,4,2,6,152048,1000,0.6870611892804925,499500,1000,29000,4,0.001243708,2.861907917,2.863151625
qubit,15,4,2,7,152049,1000,0.6870611892804925,499500,1000,29000,4,0.001188541,2.874225542,2.875414083
werner,15,1,2,0,152042,1000,0.6870611892804926,499500,1000,29000,2,0.00098725,0.109836958,0.110824208
werner,15,1,2,1,152043,1000,0.6870611892804926,499500,1000,29000,2,0.0008015,0.109089667,0.109891167
werner,15,1,2,2,152044,1000,0.6870611892804926,499500,1000,29000,2,0.00076575,0.107697667,0.108463417
werner,15,1,2,3,152045,1000,0.6870611892804926,499500,1000,29000,2,0.000812917,0.107991333,0.10880425
werner,15,1,2,4,152046,1000,0.6870611892804926,499500,1000,29000,2,0.000841125,0.108782334,0.109623459
werner,15,1,2,5,152047,1000,0.6870611892804926,499500,1000,29000,2,0.000894583,0.107023083,0.107917666
werner,15,1,2,6,152048,1000,0.6870611892804926,499500,1000,29000,2,0.007596417,0.108467958,0.116064375
werner,15,1,2,7,152049,1000,0.6870611892804926,499500,1000,29000,2,0.000827375,0.107941125,0.1087685
werner,15,4,2,0,152042,1000,0.6870611892804926,499500,1000,29000,2,0.001018125,0.143825042,0.144843167
werner,15,4,2,1,152043,1000,0.6870611892804926,499500,1000,29000,2,0.00102625,0.141543834,0.142570084
werner,15,4,2,2,152044,1000,0.6870611892804926,499500,1000,29000,2,0.001005208,0.13973225,0.140737458
werner,15,4,2,3,152045,1000,0.6870611892804926,499500,1000,29000,2,0.000992208,0.141904459,0.142896667
werner,15,4,2,4,152046,1000,0.6870611892804926,499500,1000,29000,2,0.00105025,0.141805625,0.142855875
werner,15,4,2,5,152047,1000,0.6870611892804926,499500,1000,29000,2,0.001455209,0.14084175,0.142296959
werner,15,4,2,6,152048,1000,0.6870611892804926,499500,1000,29000,2,0.001223167,0.142203125,0.143426292
werner,15,4,2,7,152049,1000,0.6870611892804926,499500,1000,29000,2,0.001248292,0.141372375,0.142620667
netsquid,20,1,2,0,202042,1000,0.6078354366407761,499500,1000,39000,4,0.000460542,2.574652125,2.575112667
netsquid,20,1,2,1,202043,1000,0.6078354366407761,499500,1000,39000,4,0.000528166,2.566490875,2.567019041
netsquid,20,1,2,2,202044,1000,0.6078354366407761,499500,1000,39000,4,0.000494875,2.594041125,2.594536
netsquid,20,1,2,3,202045,1000,0.6078354366407761,499500,1000,39000,4,0.000448708,2.584698459,2.585147167
netsquid,20,1,2,4,202046,1000,0.6078354366407761,499500,1000,39000,4,0.000522417,2.594383542,2.594905959
netsquid,20,1,2,5,202047,1000,0.6078354366407761,499500,1000,39000,4,0.000539625,2.574973834,2.575513459
netsquid,20,1,2,6,202048,1000,0.6078354366407761,499500,1000,39000,4,0.000446458,2.581441042,2.5818875
netsquid,20,1,2,7,202049,1000,0.6078354366407761,499500,1000,39000,4,0.000510458,2.580317833,2.580828291
qubit,20,1,2,0,202042,1000,0.607835436640776,499500,1000,39000,4,0.001044041,3.139670542,3.140714583
qubit,20,1,2,1,202043,1000,0.607835436640776,499500,1000,39000,4,0.000861875,3.174604958,3.175466833
qubit,20,1,2,2,202044,1000,0.607835436640776,499500,1000,39000,4,0.001014584,3.16469125,3.165705834
qubit,20,1,2,3,202045,1000,0.607835436640776,499500,1000,39000,4,0.001020125,3.134225584,3.135245709
qubit,20,1,2,4,202046,1000,0.607835436640776,499500,1000,39000,4,0.000868334,3.1569255,3.157793834
qubit,20,1,2,5,202047,1000,0.607835436640776,499500,1000,39000,4,0.000958292,3.158886708,3.159845
qubit,20,1,2,6,202048,1000,0.607835436640776,499500,1000,39000,4,0.00105775,3.30408525,3.305143
qubit,20,1,2,7,202049,1000,0.607835436640776,499500,1000,39000,4,0.000851625,3.132938834,3.133790459
qubit,20,4,2,0,202042,1000,0.607835436640776,499500,1000,39000,4,0.001167084,3.866661083,3.867828167
qubit,20,4,2,1,202043,1000,0.607835436640776,499500,1000,39000,4,0.001153083,3.874453709,3.875606792
qubit,20,4,2,2,202044,1000,0.607835436640776,499500,1000,39000,4,0.001125583,3.858630417,3.859756
qubit,20,4,2,3,202045,1000,0.607835436640776,499500,1000,39000,4,0.001110959,3.865943958,3.867054917
qubit,20,4,2,4,202046,1000,0.607835436640776,499500,1000,39000,4,0.001244584,3.960113333,3.961357917
qubit,20,4,2,5,202047,1000,0.607835436640776,499500,1000,39000,4,0.001019792,3.956621916,3.957641708
qubit,20,4,2,6,202048,1000,0.607835436640776,499500,1000,39000,4,0.001018541,3.933844792,3.934863333
qubit,20,4,2,7,202049,1000,0.607835436640776,499500,1000,39000,4,0.001054333,3.95655275,3.957607083
werner,20,1,2,0,202042,1000,0.6078354366407762,499500,1000,39000,2,0.00096925,0.1452735,0.14624275
werner,20,1,2,1,202043,1000,0.6078354366407762,499500,1000,39000,2,0.000836833,0.15821225,0.159049083
werner,20,1,2,2,202044,1000,0.6078354366407762,499500,1000,39000,2,0.00085675,0.147329666,0.148186416
werner,20,1,2,3,202045,1000,0.6078354366407762,499500,1000,39000,2,0.000810167,0.149024125,0.149834292
werner,20,1,2,4,202046,1000,0.6078354366407762,499500,1000,39000,2,0.00085825,0.146695125,0.147553375
werner,20,1,2,5,202047,1000,0.6078354366407762,499500,1000,39000,2,0.000900709,0.14747625,0.148376959
werner,20,1,2,6,202048,1000,0.6078354366407762,499500,1000,39000,2,0.007872333,0.144121375,0.151993708
werner,20,1,2,7,202049,1000,0.6078354366407762,499500,1000,39000,2,0.000807,0.1455365,0.1463435
werner,20,4,2,0,202042,1000,0.6078354366407762,499500,1000,39000,2,0.001028333,0.193213167,0.1942415
werner,20,4,2,1,202043,1000,0.6078354366407762,499500,1000,39000,2,0.001040458,0.196199375,0.197239833
werner,20,4,2,2,202044,1000,0.6078354366407762,499500,1000,39000,2,0.001043542,0.195380458,0.196424
werner,20,4,2,3,202045,1000,0.6078354366407762,499500,1000,39000,2,0.001011917,0.199580083,0.200592
werner,20,4,2,4,202046,1000,0.6078354366407762,499500,1000,39000,2,0.001100583,0.191985917,0.1930865
werner,20,4,2,5,202047,1000,0.6078354366407762,499500,1000,39000,2,0.001335625,0.191971417,0.193307042
werner,20,4,2,6,202048,1000,0.6078354366407762,499500,1000,39000,2,0.001358542,0.192501375,0.193859917
werner,20,4,2,7,202049,1000,0.6078354366407762,499500,1000,39000,2,0.000886292,0.190158083,0.191044375
netsquid,25,1,2,0,252042,999,0.5429708765188911,498501,1000,48996,4,0.000493625,3.239211625,3.23970525
netsquid,25,1,2,1,252043,999,0.5429708765188911,498501,1000,48996,4,0.00049175,3.245292625,3.245784375
netsquid,25,1,2,2,252044,999,0.5429708765188911,498501,1000,48996,4,0.000494125,3.274314708,3.274808833
netsquid,25,1,2,3,252045,999,0.5429708765188911,498501,1000,48996,4,0.000494667,3.248063708,3.248558375
netsquid,25,1,2,4,252046,999,0.5429708765188911,498501,1000,48996,4,0.000466542,3.2557745,3.256241042
netsquid,25,1,2,5,252047,999,0.5429708765188911,498501,1000,48996,4,0.000495833,3.249968417,3.25046425
netsquid,25,1,2,6,252048,999,0.5429708765188911,498501,1000,48996,4,0.000476958,3.233623792,3.23410075
netsquid,25,1,2,7,252049,999,0.5429708765188911,498501,1000,48996,4,0.000471375,3.249418875,3.24989025
qubit,25,1,2,0,252042,999,0.5429708765188911,498501,1000,48996,4,0.0008535,3.95055125,3.95140475
qubit,25,1,2,1,252043,999,0.5429708765188911,498501,1000,48996,4,0.008835125,3.948800791,3.957635916
qubit,25,1,2,2,252044,999,0.5429708765188911,498501,1000,48996,4,0.000878667,3.9563715,3.957250167
qubit,25,1,2,3,252045,999,0.5429708765188911,498501,1000,48996,4,0.001060917,3.961437833,3.96249875
qubit,25,1,2,4,252046,999,0.5429708765188911,498501,1000,48996,4,0.000861209,3.9730055,3.973866709
qubit,25,1,2,5,252047,999,0.5429708765188911,498501,1000,48996,4,0.001121875,3.961248916,3.962370791
qubit,25,1,2,6,252048,999,0.5429708765188911,498501,1000,48996,4,0.000915208,3.967160042,3.96807525
qubit,25,1,2,7,252049,999,0.5429708765188911,498501,1000,48996,4,0.001031417,3.956161583,3.957193
qubit,25,4,2,0,252042,999,0.5429708765188911,498501,1000,48996,4,0.000943292,5.047003791,5.047947083
qubit,25,4,2,1,252043,999,0.5429708765188911,498501,1000,48996,4,0.000937,5.015781708,5.016718708
qubit,25,4,2,2,252044,999,0.5429708765188911,498501,1000,48996,4,0.000943125,5.002361959,5.003305084
qubit,25,4,2,3,252045,999,0.5429708765188911,498501,1000,48996,4,0.000939291,4.9790825,4.980021791
qubit,25,4,2,4,252046,999,0.5429708765188911,498501,1000,48996,4,0.009760292,5.073910916,5.083671208
qubit,25,4,2,5,252047,999,0.5429708765188911,498501,1000,48996,4,0.010362333,5.076940583,5.087302916
qubit,25,4,2,6,252048,999,0.5429708765188911,498501,1000,48996,4,0.009725083,5.086062458,5.095787541
qubit,25,4,2,7,252049,999,0.5429708765188911,498501,1000,48996,4,0.009846875,5.131350708,5.141197583
werner,25,1,2,0,252042,999,0.5429708765188913,498501,1000,48996,2,0.00099625,0.183195583,0.184191833
werner,25,1,2,1,252043,999,0.5429708765188913,498501,1000,48996,2,0.000927792,0.186194708,0.1871225
werner,25,1,2,2,252044,999,0.5429708765188913,498501,1000,48996,2,0.000918625,0.18723425,0.188152875
werner,25,1,2,3,252045,999,0.5429708765188913,498501,1000,48996,2,0.000825458,0.182494833,0.183320291
werner,25,1,2,4,252046,999,0.5429708765188913,498501,1000,48996,2,0.000864708,0.188523125,0.189387833
werner,25,1,2,5,252047,999,0.5429708765188913,498501,1000,48996,2,0.000890875,0.183200709,0.184091584
werner,25,1,2,6,252048,999,0.5429708765188913,498501,1000,48996,2,0.007898875,0.183398333,0.191297208
werner,25,1,2,7,252049,999,0.5429708765188913,498501,1000,48996,2,0.000820875,0.184068542,0.184889417
werner,25,4,2,0,252042,999,0.5429708765188913,498501,1000,48996,2,0.001060125,0.243368,0.244428125
werner,25,4,2,1,252043,999,0.5429708765188913,498501,1000,48996,2,0.001073333,0.242483667,0.243557
werner,25,4,2,2,252044,999,0.5429708765188913,498501,1000,48996,2,0.001070959,0.242078041,0.243149
werner,25,4,2,3,252045,999,0.5429708765188913,498501,1000,48996,2,0.001040208,0.241971792,0.243012
werner,25,4,2,4,252046,999,0.5429708765188913,498501,1000,48996,2,0.001068417,0.249821333,0.25088975
werner,25,4,2,5,252047,999,0.5429708765188913,498501,1000,48996,2,0.0010385,0.247896625,0.248935125
werner,25,4,2,6,252048,999,0.5429708765188913,498501,1000,48996,2,0.001038,0.252733292,0.253771292
werner,25,4,2,7,252049,999,0.5429708765188913,498501,1000,48996,2,0.001243375,0.2494965,0.250739875
netsquid,30,1,2,0,302042,999,0.48986426636222813,498501,1000,58991,4,0.000461875,3.984620667,3.985082542
netsquid,30,1,2,1,302043,999,0.48986426636222813,498501,1000,58991,4,0.000522583,3.983214833,3.983737416
netsquid,30,1,2,2,302044,999,0.48986426636222813,498501,1000,58991,4,0.000523666,3.98677575,3.987299416
netsquid,30,1,2,3,302045,999,0.48986426636222813,498501,1000,58991,4,0.000476875,3.983403,3.983879875
netsquid,30,1,2,4,302046,999,0.48986426636222813,498501,1000,58991,4,0.000524916,4.148102542,4.148627458
netsquid,30,1,2,5,302047,999,0.48986426636222813,498501,1000,58991,4,0.000531375,3.969115,3.969646375
netsquid,30,1,2,6,302048,999,0.48986426636222813,498501,1000,58991,4,0.000484125,3.988095542,3.988579667
netsquid,30,1,2,7,302049,999,0.48986426636222813,498501,1000,58991,4,0.00053825,3.987990083,3.988528333
qubit,30,1,2,0,302042,999,0.4898642663622282,498501,1000,58991,4,0.001068708,4.833833625,4.834902333
qubit,30,1,2,1,302043,999,0.4898642663622282,498501,1000,58991,4,0.001082875,4.826046042,4.827128917
qubit,30,1,2,2,302044,999,0.4898642663622282,498501,1000,58991,4,0.001051709,4.852852625,4.853904334
qubit,30,1,2,3,302045,999,0.4898642663622282,498501,1000,58991,4,0.001047541,4.812276959,4.8133245
qubit,30,1,2,4,302046,999,0.4898642663622282,498501,1000,58991,4,0.008643125,4.806312416,4.814955541
qubit,30,1,2,5,302047,999,0.4898642663622282,498501,1000,58991,4,0.001066209,4.816258166,4.817324375
qubit,30,1,2,6,302048,999,0.4898642663622282,498501,1000,58991,4,0.001058958,4.818354209,4.819413167
qubit,30,1,2,7,302049,999,0.4898642663622282,498501,1000,58991,4,0.001090125,5.011644917,5.012735042
qubit,30,4,2,0,302042,999,0.4898642663622282,498501,1000,58991,4,0.001356875,6.1149155,6.116272375
qubit,30,4,2,1,302043,999,0.4898642663622282,498501,1000,58991,4,0.001274542,6.114516875,6.115791417
qubit,30,4,2,2,302044,999,0.4898642663622282,498501,1000,58991,4,0.001238792,6.124534166,6.125772958
qubit,30,4,2,3,302045,999,0.4898642663622282,498501,1000,58991,4,0.001260875,6.079858666,6.081119541
qubit,30,4,2,4,302046,999,0.4898642663622282,498501,1000,58991,4,0.001393292,6.196018375,6.197411667
qubit,30,4,2,5,302047,999,0.4898642663622282,498501,1000,58991,4,0.001330458,6.232169292,6.23349975
qubit,30,4,2,6,302048,999,0.4898642663622282,498501,1000,58991,4,0.001308792,6.234569042,6.235877834
qubit,30,4,2,7,302049,999,0.4898642663622282,498501,1000,58991,4,0.001332333,6.237183792,6.238516125
werner,30,1,2,0,302042,999,0.48986426636222835,498501,1000,58991,2,0.001039375,0.230845541,0.231884916
werner,30,1,2,1,302043,999,0.48986426636222835,498501,1000,58991,2,0.000987834,0.21917275,0.220160584
werner,30,1,2,2,302044,999,0.48986426636222835,498501,1000,58991,2,0.0008085,0.221212625,0.222021125
werner,30,1,2,3,302045,999,0.48986426636222835,498501,1000,58991,2,0.000846083,0.217306,0.218152083
werner,30,1,2,4,302046,999,0.48986426636222835,498501,1000,58991,2,0.000855292,0.218378583,0.219233875
werner,30,1,2,5,302047,999,0.48986426636222835,498501,1000,58991,2,0.000878459,0.215714375,0.216592834
werner,30,1,2,6,302048,999,0.48986426636222835,498501,1000,58991,2,0.00920825,0.219509875,0.228718125
werner,30,1,2,7,302049,999,0.48986426636222835,498501,1000,58991,2,0.000984125,0.217795833,0.218779958
werner,30,4,2,0,302042,999,0.48986426636222835,498501,1000,58991,2,0.001218375,0.294198375,0.29541675
werner,30,4,2,1,302043,999,0.48986426636222835,498501,1000,58991,2,0.001165834,0.2957205,0.296886334
werner,30,4,2,2,302044,999,0.48986426636222835,498501,1000,58991,2,0.0011925,0.294982875,0.296175375
werner,30,4,2,3,302045,999,0.48986426636222835,498501,1000,58991,2,0.00117075,0.296326292,0.297497042
werner,30,4,2,4,302046,999,0.48986426636222835,498501,1000,58991,2,0.001043125,0.294331,0.295374125
werner,30,4,2,5,302047,999,0.48986426636222835,498501,1000,58991,2,0.001075875,0.291835084,0.292910959
werner,30,4,2,6,302048,999,0.48986426636222835,498501,1000,58991,2,0.001071791,0.292082667,0.293154458
werner,30,4,2,7,302049,999,0.48986426636222835,498501,1000,58991,2,0.001339666,0.291801917,0.293141583
netsquid,35,1,2,0,352042,999,0.4463842514352447,498501,1000,68986,4,0.000538875,4.603476917,4.604015792
netsquid,35,1,2,1,352043,999,0.4463842514352447,498501,1000,68986,4,0.000472042,4.62675275,4.627224792
netsquid,35,1,2,2,352044,999,0.4463842514352447,498501,1000,68986,4,0.000480875,4.779432,4.779912875
netsquid,35,1,2,3,352045,999,0.4463842514352447,498501,1000,68986,4,0.000470375,4.606293084,4.606763459
netsquid,35,1,2,4,352046,999,0.4463842514352447,498501,1000,68986,4,0.000451708,4.604162292,4.604614
netsquid,35,1,2,5,352047,999,0.4463842514352447,498501,1000,68986,4,0.0005125,4.602197625,4.602710125
netsquid,35,1,2,6,352048,999,0.4463842514352447,498501,1000,68986,4,0.000552875,4.606167666,4.606720541
netsquid,35,1,2,7,352049,999,0.4463842514352447,498501,1000,68986,4,0.000454958,4.62223775,4.622692708
qubit,35,1,2,0,352042,999,0.44638425143524474,498501,1000,68986,4,0.000870292,5.677210083,5.678080375
qubit,35,1,2,1,352043,999,0.44638425143524474,498501,1000,68986,4,0.001127709,5.664178791,5.6653065
qubit,35,1,2,2,352044,999,0.44638425143524474,498501,1000,68986,4,0.000913542,5.666459791,5.667373333
qubit,35,1,2,3,352045,999,0.44638425143524474,498501,1000,68986,4,0.00115075,5.679573708,5.680724458
qubit,35,1,2,4,352046,999,0.44638425143524474,498501,1000,68986,4,0.001125875,5.687080167,5.688206042
qubit,35,1,2,5,352047,999,0.44638425143524474,498501,1000,68986,4,0.001115,5.749026958,5.750141958
qubit,35,1,2,6,352048,999,0.44638425143524474,498501,1000,68986,4,0.001095458,5.67696275,5.678058208
qubit,35,1,2,7,352049,999,0.44638425143524474,498501,1000,68986,4,0.001098458,5.690495084,5.691593542
qubit,35,4,2,0,352042,999,0.44638425143524474,498501,1000,68986,4,0.001139542,7.214266208,7.21540575
qubit,35,4,2,1,352043,999,0.44638425143524474,498501,1000,68986,4,0.0009645,7.24237775,7.24334225
qubit,35,4,2,2,352044,999,0.44638425143524474,498501,1000,68986,4,0.001379083,7.22480075,7.226179833
qubit,35,4,2,3,352045,999,0.44638425143524474,498501,1000,68986,4,0.001133333,7.224662917,7.22579625
qubit,35,4,2,4,352046,999,0.44638425143524474,498501,1000,68986,4,0.001912125,7.363898791,7.365810916
qubit,35,4,2,5,352047,999,0.44638425143524474,498501,1000,68986,4,0.001573416,7.373630709,7.375204125
qubit,35,4,2,6,352048,999,0.44638425143524474,498501,1000,68986,4,0.00156325,7.366943042,7.368506292
qubit,35,4,2,7,352049,999,0.44638425143524474,498501,1000,68986,4,0.001453833,7.3751625,7.376616333
werner,35,1,2,0,352042,999,0.4463842514352449,498501,1000,68986,2,0.000905,0.273237958,0.274142958
werner,35,1,2,1,352043,999,0.4463842514352449,498501,1000,68986,2,0.000990459,0.278542166,0.279532625
werner,35,1,2,2,352044,999,0.4463842514352449,498501,1000,68986,2,0.000857917,0.271837708,0.272695625
werner,35,1,2,3,352045,999,0.4463842514352449,498501,1000,68986,2,0.000937333,0.273539417,0.27447675
werner,35,1,2,4,352046,999,0.4463842514352449,498501,1000,68986,2,0.000869459,0.257385875,0.258255334
werner,35,1,2,5,352047,999,0.4463842514352449,498501,1000,68986,2,0.000909208,0.259608417,0.260517625
werner,35,1,2,6,352048,999,0.4463842514352449,498501,1000,68986,2,0.009309583,0.258433792,0.267743375
werner,35,1,2,7,352049,999,0.4463842514352449,498501,1000,68986,2,0.000971958,0.256318,0.257289958
werner,35,4,2,0,352042,999,0.4463842514352449,498501,1000,68986,2,0.001124417,0.345527917,0.346652334
werner,35,4,2,1,352043,999,0.4463842514352449,498501,1000,68986,2,0.001115625,0.339300292,0.340415917
werner,35,4,2,2,352044,999,0.4463842514352449,498501,1000,68986,2,0.00111425,0.343019583,0.344133833
werner,35,4,2,3,352045,999,0.4463842514352449,498501,1000,68986,2,0.00109475,0.345090041,0.346184791
werner,35,4,2,4,352046,999,0.4463842514352449,498501,1000,68986,2,0.00137825,0.338436917,0.339815167
werner,35,4,2,5,352047,999,0.4463842514352449,498501,1000,68986,2,0.001442625,0.346356959,0.347799584
werner,35,4,2,6,352048,999,0.4463842514352449,498501,1000,68986,2,0.001159167,0.34824,0.349399167
werner,35,4,2,7,352049,999,0.4463842514352449,498501,1000,68986,2,0.001204625,0.339608125,0.34081275
netsquid,40,1,2,0,402042,999,0.4107858260702337,498501,1000,78981,4,0.00053825,5.343633208,5.344171458
netsquid,40,1,2,1,402043,999,0.4107858260702337,498501,1000,78981,4,0.0005635,5.331072334,5.331635834
netsquid,40,1,2,2,402044,999,0.4107858260702337,498501,1000,78981,4,0.000510125,5.522966833,5.523476958
netsquid,40,1,2,3,402045,999,0.4107858260702337,498501,1000,78981,4,0.00054975,5.330077542,5.330627292
netsquid,40,1,2,4,402046,999,0.4107858260702337,498501,1000,78981,4,0.000499,5.32958125,5.33008025
netsquid,40,1,2,5,402047,999,0.4107858260702337,498501,1000,78981,4,0.000520333,5.335036667,5.335557
netsquid,40,1,2,6,402048,999,0.4107858260702337,498501,1000,78981,4,0.000465667,5.335161708,5.335627375
netsquid,40,1,2,7,402049,999,0.4107858260702337,498501,1000,78981,4,0.00053375,5.352429416,5.352963166
qubit,40,1,2,0,402042,999,0.4107858260702337,498501,1000,78981,4,0.001041541,6.486853042,6.487894583
qubit,40,1,2,1,402043,999,0.4107858260702337,498501,1000,78981,4,0.008888209,6.49964125,6.508529459
qubit,40,1,2,2,402044,999,0.4107858260702337,498501,1000,78981,4,0.00107475,6.506369542,6.507444292
qubit,40,1,2,3,402045,999,0.4107858260702337,498501,1000,78981,4,0.001100542,6.506687791,6.507788333
qubit,40,1,2,4,402046,999,0.4107858260702337,498501,1000,78981,4,0.001156958,6.508710167,6.509867125
qubit,40,1,2,5,402047,999,0.4107858260702337,498501,1000,78981,4,0.009317459,6.492660583,6.501978042
qubit,40,1,2,6,402048,999,0.4107858260702337,498501,1000,78981,4,0.001015792,6.500525041,6.501540833
qubit,40,1,2,7,402049,999,0.4107858260702337,498501,1000,78981,4,0.001157875,6.49493725,6.496095125
qubit,40,4,2,0,402042,999,0.4107858260702337,498501,1000,78981,4,0.00121875,8.373883791,8.375102541
qubit,40,4,2,1,402043,999,0.4107858260702337,498501,1000,78981,4,0.001216917,8.296801208,8.298018125
qubit,40,4,2,2,402044,999,0.4107858260702337,498501,1000,78981,4,0.001277375,8.244888166,8.246165541
qubit,40,4,2,3,402045,999,0.4107858260702337,498501,1000,78981,4,0.001305,8.265464667,8.266769667
qubit,40,4,2,4,402046,999,0.4107858260702337,498501,1000,78981,4,0.010532958,8.406520333,8.417053291
qubit,40,4,2,5,402047,999,0.4107858260702337,498501,1000,78981,4,0.010198917,8.433194958,8.443393875
qubit,40,4,2,6,402048,999,0.4107858260702337,498501,1000,78981,4,0.01050525,8.449572709,8.460077959
qubit,40,4,2,7,402049,999,0.4107858260702337,498501,1000,78981,4,0.012185292,8.524133292,8.536318584
werner,40,1,2,0,402042,999,0.4107858260702339,498501,1000,78981,2,0.000893,0.293782083,0.294675083
werner,40,1,2,1,402043,999,0.4107858260702339,498501,1000,78981,2,0.000978167,0.2971805,0.298158667
werner,40,1,2,2,402044,999,0.4107858260702339,498501,1000,78981,2,0.000816208,0.29610225,0.296918458
werner,40,1,2,3,402045,999,0.4107858260702339,498501,1000,78981,2,0.000849042,0.2966155,0.297464542
werner,40,1,2,4,402046,999,0.4107858260702339,498501,1000,78981,2,0.000848208,0.294356917,0.295205125
werner,40,1,2,5,402047,999,0.4107858260702339,498501,1000,78981,2,0.000904166,0.304571792,0.305475958
werner,40,1,2,6,402048,999,0.4107858260702339,498501,1000,78981,2,0.008367208,0.296407333,0.304774541
werner,40,1,2,7,402049,999,0.4107858260702339,498501,1000,78981,2,0.001044625,0.304664333,0.305708958
werner,40,4,2,0,402042,999,0.4107858260702339,498501,1000,78981,2,0.001124458,0.386285584,0.387410042
werner,40,4,2,1,402043,999,0.4107858260702339,498501,1000,78981,2,0.001088084,0.391299208,0.392387292
werner,40,4,2,2,402044,999,0.4107858260702339,498501,1000,78981,2,0.001126292,0.387618208,0.3887445
werner,40,4,2,3,402045,999,0.4107858260702339,498501,1000,78981,2,0.00110625,0.392231541,0.393337791
werner,40,4,2,4,402046,999,0.4107858260702339,498501,1000,78981,2,0.001328834,0.395064875,0.396393709
werner,40,4,2,5,402047,999,0.4107858260702339,498501,1000,78981,2,0.001126459,0.397114791,0.39824125
werner,40,4,2,6,402048,999,0.4107858260702339,498501,1000,78981,2,0.001416167,0.404396291,0.405812458
werner,40,4,2,7,402049,999,0.4107858260702339,498501,1000,78981,2,0.001440125,0.395038541,0.396478666
netsquid,45,1,2,0,452042,998,0.3816403004627478,497503,1000,88972,4,0.0004835,6.163350208,6.163833708
netsquid,45,1,2,1,452043,998,0.3816403004627478,497503,1000,88972,4,0.000516625,5.936260166,5.936776791
netsquid,45,1,2,2,452044,998,0.3816403004627478,497503,1000,88972,4,0.000489625,5.942967208,5.943456833
netsquid,45,1,2,3,452045,998,0.3816403004627478,497503,1000,88972,4,0.000486791,5.944970667,5.945457458
netsquid,45,1,2,4,452046,998,0.3816403004627478,497503,1000,88972,4,0.000495375,5.971167042,5.971662417
netsquid,45,1,2,5,452047,998,0.3816403004627478,497503,1000,88972,4,0.000506458,5.957375958,5.957882416
netsquid,45,1,2,6,452048,998,0.3816403004627478,497503,1000,88972,4,0.000498,5.94836675,5.94886475
netsquid,45,1,2,7,452049,998,0.3816403004627478,497503,1000,88972,4,0.000489875,5.962643541,5.963133416
qubit,45,1,2,0,452042,998,0.3816403004627478,497503,1000,88972,4,0.001223292,7.393796708,7.39502
qubit,45,1,2,1,452043,998,0.3816403004627478,497503,1000,88972,4,0.001120875,7.414382375,7.41550325
qubit,45,1,2,2,452044,998,0.3816403004627478,497503,1000,88972,4,0.001252084,7.381787875,7.383039959
qubit,45,1,2,3,452045,998,0.3816403004627478,497503,1000,88972,4,0.001093875,7.400160167,7.401254042
qubit,45,1,2,4,452046,998,0.3816403004627478,497503,1000,88972,4,0.001171833,7.383811583,7.384983416
qubit,45,1,2,5,452047,998,0.3816403004627478,497503,1000,88972,4,0.00104325,7.398204791,7.399248041
qubit,45,1,2,6,452048,998,0.3816403004627478,497503,1000,88972,4,0.001128084,7.417235416,7.4183635
qubit,45,1,2,7,452049,998,0.3816403004627478,497503,1000,88972,4,0.001157334,7.385799625,7.386956959
qubit,45,4,2,0,452042,998,0.3816403004627478,497503,1000,88972,4,0.001286625,9.775585,9.776871625
qubit,45,4,2,1,452043,998,0.3816403004627478,497503,1000,88972,4,0.001320584,9.846512125,9.847832709
qubit,45,4,2,2,452044,998,0.3816403004627478,497503,1000,88972,4,0.001368458,9.739553125,9.740921583
qubit,45,4,2,3,452045,998,0.3816403004627478,497503,1000,88972,4,0.001318292,9.763108833,9.764427125
qubit,45,4,2,4,452046,998,0.3816403004627478,497503,1000,88972,4,0.001432291,9.672217125,9.673649416
qubit,45,4,2,5,452047,998,0.3816403004627478,497503,1000,88972,4,0.001341083,9.64086,9.642201083
qubit,45,4,2,6,452048,998,0.3816403004627478,497503,1000,88972,4,0.001341333,9.688319708,9.689661041
qubit,45,4,2,7,452049,998,0.3816403004627478,497503,1000,88972,4,0.001393,9.732152292,9.733545292
werner,45,1,2,0,452042,998,0.381640300462748,497503,1000,88972,2,0.000998834,0.346648708,0.347647542
werner,45,1,2,1,452043,998,0.381640300462748,497503,1000,88972,2,0.001043791,0.337535417,0.338579208
werner,45,1,2,2,452044,998,0.381640300462748,497503,1000,88972,2,0.000817,0.330073417,0.330890417
werner,45,1,2,3,452045,998,0.381640300462748,497503,1000,88972,2,0.000842667,0.330450416,0.331293083
werner,45,1,2,4,452046,998,0.381640300462748,497503,1000,88972,2,0.000867833,0.327650292,0.328518125
werner,45,1,2,5,452047,998,0.381640300462748,497503,1000,88972,2,0.00090425,0.330590291,0.331494541
werner,45,1,2,6,452048,998,0.381640300462748,497503,1000,88972,2,0.010154375,0.331417166,0.341571541
werner,45,1,2,7,452049,998,0.381640300462748,497503,1000,88972,2,0.000979208,0.332918458,0.333897666
werner,45,4,2,0,452042,998,0.381640300462748,497503,1000,88972,2,0.0011025,0.433348417,0.434450917
werner,45,4,2,1,452043,998,0.381640300462748,497503,1000,88972,2,0.001113458,0.437605958,0.438719416
werner,45,4,2,2,452044,998,0.381640300462748,497503,1000,88972,2,0.001112208,0.437226542,0.43833875
werner,45,4,2,3,452045,998,0.381640300462748,497503,1000,88972,2,0.001116667,0.434174625,0.435291292
werner,45,4,2,4,452046,998,0.381640300462748,497503,1000,88972,2,0.001197917,0.447322458,0.448520375
werner,45,4,2,5,452047,998,0.381640300462748,497503,1000,88972,2,0.001253709,0.453392458,0.454646167
werner,45,4,2,6,452048,998,0.381640300462748,497503,1000,88972,2,0.001201541,0.447014709,0.44821625
werner,45,4,2,7,452049,998,0.381640300462748,497503,1000,88972,2,0.001224833,0.456934542,0.458159375
netsquid,50,1,2,0,502042,998,0.3577779623332773,497503,1000,98962,4,0.000454375,6.673852875,6.67430725
netsquid,50,1,2,1,502043,998,0.3577779623332773,497503,1000,98962,4,0.000467959,6.678336708,6.678804667
netsquid,50,1,2,2,502044,998,0.3577779623332773,497503,1000,98962,4,0.000470041,6.679736167,6.680206208
netsquid,50,1,2,3,502045,998,0.3577779623332773,497503,1000,98962,4,0.000464583,6.664574875,6.665039458
netsquid,50,1,2,4,502046,998,0.3577779623332773,497503,1000,98962,4,0.000477875,6.68549225,6.685970125
netsquid,50,1,2,5,502047,998,0.3577779623332773,497503,1000,98962,4,0.000458209,6.68766725,6.688125459
netsquid,50,1,2,6,502048,998,0.3577779623332773,497503,1000,98962,4,0.000461167,6.650332666,6.650793833
netsquid,50,1,2,7,502049,998,0.3577779623332773,497503,1000,98962,4,0.000455291,6.694757584,6.695212875
qubit,50,1,2,0,502042,998,0.3577779623332773,497503,1000,98962,4,0.00088325,8.163572167,8.164455417
qubit,50,1,2,1,502043,998,0.3577779623332773,497503,1000,98962,4,0.001115541,8.207259167,8.208374708
qubit,50,1,2,2,502044,998,0.3577779623332773,497503,1000,98962,4,0.001071833,8.201756375,8.202828208
qubit,50,1,2,3,502045,998,0.3577779623332773,497503,1000,98962,4,0.001153291,8.19196725,8.193120541
qubit,50,1,2,4,502046,998,0.3577779623332773,497503,1000,98962,4,0.00108175,8.381578958,8.382660708
qubit,50,1,2,5,502047,998,0.3577779623332773,497503,1000,98962,4,0.001333333,8.191252333,8.192585666
qubit,50,1,2,6,502048,998,0.3577779623332773,497503,1000,98962,4,0.001090459,8.161309291,8.16239975
qubit,50,1,2,7,502049,998,0.3577779623332773,497503,1000,98962,4,0.0010365,8.194102417,8.195138917
qubit,50,4,2,0,502042,998,0.3577779623332773,497503,1000,98962,4,0.000934166,10.627883584,10.62881775
qubit,50,4,2,1,502043,998,0.3577779623332773,497503,1000,98962,4,0.001010708,10.4879875,10.488998208
qubit,50,4,2,2,502044,998,0.3577779623332773,497503,1000,98962,4,0.000994292,10.551736791,10.552731083
qubit,50,4,2,3,502045,998,0.3577779623332773,497503,1000,98962,4,0.001010792,10.577155125,10.578165917
qubit,50,4,2,4,502046,998,0.3577779623332773,497503,1000,98962,4,0.001347708,10.710727542,10.71207525
qubit,50,4,2,5,502047,998,0.3577779623332773,497503,1000,98962,4,0.001466375,10.747216166,10.748682541
qubit,50,4,2,6,502048,998,0.3577779623332773,497503,1000,98962,4,0.001502,10.743409625,10.744911625
qubit,50,4,2,7,502049,998,0.3577779623332773,497503,1000,98962,4,0.001462916,10.811776459,10.813239375
werner,50,1,2,0,502042,998,0.3577779623332775,497503,1000,98962,2,0.000887167,0.381865375,0.382752542
werner,50,1,2,1,502043,998,0.3577779623332775,497503,1000,98962,2,0.000952875,0.382578417,0.383531292
werner,50,1,2,2,502044,998,0.3577779623332775,497503,1000,98962,2,0.000833417,0.37651025,0.377343667
werner,50,1,2,3,502045,998,0.3577779623332775,497503,1000,98962,2,0.000847791,0.373856292,0.374704083
werner,50,1,2,4,502046,998,0.3577779623332775,497503,1000,98962,2,0.000878041,0.367961584,0.368839625
werner,50,1,2,5,502047,998,0.3577779623332775,497503,1000,98962,2,0.000883083,0.368997625,0.369880708
werner,50,1,2,6,502048,998,0.3577779623332775,497503,1000,98962,2,0.008678917,0.36879,0.377468917
werner,50,1,2,7,502049,998,0.3577779623332775,497503,1000,98962,2,0.000970625,0.367339583,0.368310208
werner,50,4,2,0,502042,998,0.3577779623332775,497503,1000,98962,2,0.000993208,0.511502584,0.512495792
werner,50,4,2,1,502043,998,0.3577779623332775,497503,1000,98962,2,0.001018375,0.492571792,0.493590167
werner,50,4,2,2,502044,998,0.3577779623332775,497503,1000,98962,2,0.001033792,0.513059791,0.514093583
werner,50,4,2,3,502045,998,0.3577779623332775,497503,1000,98962,2,0.00102275,0.50626725,0.50729
werner,50,4,2,4,502046,998,0.3577779623332775,497503,1000,98962,2,0.001493792,0.516920625,0.518414417
werner,50,4,2,5,502047,998,0.3577779623332775,497503,1000,98962,2,0.001237167,0.516863083,0.51810025
werner,50,4,2,6,502048,998,0.3577779623332775,497503,1000,98962,2,0.001145125,0.51944175,0.520586875
werner,50,4,2,7,502049,998,0.3577779623332775,497503,1000,98962,2,0.001143792,0.518010041,0.519153833
