trial,sessions,send_rate_hz,session,source,destination,hops,attempted_full_run,completed,eps,mean_fidelity
0,10,10,0,n137,n97,3,101,96,9.6,0.8638828706489672
0,10,10,1,n129,n28,3,101,96,9.6,0.8638828706489672
0,10,10,2,n37,n184,3,101,96,9.6,0.8638828706489672
0,10,10,3,n298,n128,4,101,95,9.5,0.8147488534760301
0,10,10,4,n317,n228,4,101,95,9.5,0.8147488534760301
0,10,10,5,n75,n323,3,101,96,9.6,0.8638828706489672
0,10,10,6,n159,n368,3,101,96,9.6,0.8638828706489672
0,10,10,7,n248,n203,4,101,95,9.5,0.8147488534760301
0,10,10,8,n111,n352,5,101,93,9.3,0.7695474295696201
0,10,10,9,n285,n92,3,101,96,9.6,0.8638828706489672
0,10,20,0,n137,n97,3,201,192,19.2,0.8638828706489672
0,10,20,1,n129,n28,3,201,192,19.2,0.8638828706489672
0,10,20,2,n37,n184,3,201,192,19.2,0.8638828706489672
0,10,20,3,n298,n128,4,201,189,18.9,0.8147488534760301
0,10,20,4,n317,n228,4,201,189,18.9,0.8147488534760301
0,10,20,5,n75,n323,3,201,192,19.2,0.8638828706489672
0,10,20,6,n159,n368,3,201,192,19.2,0.8638828706489672
0,10,20,7,n248,n203,4,201,189,18.9,0.8147488534760301
0,10,20,8,n111,n352,5,201,186,18.6,0.7695474295696201
0,10,20,9,n285,n92,3,201,192,19.2,0.8638828706489672
0,10,30,0,n137,n97,3,301,287,28.7,0.8638828706489672
0,10,30,1,n129,n28,3,301,287,28.7,0.8638828706489672
0,10,30,2,n37,n184,3,301,287,28.7,0.8638828706489672
0,10,30,3,n298,n128,4,301,283,28.3,0.8147488534760301
0,10,30,4,n317,n228,4,301,283,28.3,0.8147488534760301
0,10,30,5,n75,n323,3,301,287,28.7,0.8638828706489672
0,10,30,6,n159,n368,3,301,287,28.7,0.8638828706489672
0,10,30,7,n248,n203,4,301,283,28.3,0.8147488534760301
0,10,30,8,n111,n352,5,301,278,27.8,0.7695474295696201
0,10,30,9,n285,n92,3,301,287,28.7,0.8638828706489672
0,10,40,0,n137,n97,3,401,383,38.3,0.8638828706489672
0,10,40,1,n129,n28,3,401,383,38.3,0.8638828706489672
0,10,40,2,n37,n184,3,401,383,38.3,0.8638828706489672
0,10,40,3,n298,n128,4,401,377,37.7,0.8147488534760301
0,10,40,4,n317,n228,4,401,377,37.7,0.8147488534760301
0,10,40,5,n75,n323,3,401,383,38.3,0.8638828706489672
0,10,40,6,n159,n368,3,401,383,38.3,0.8638828706489672
0,10,40,7,n248,n203,4,401,377,37.7,0.8147488534760301
0,10,40,8,n111,n352,5,401,371,37.1,0.7695474295696201
0,10,40,9,n285,n92,3,401,383,38.3,0.8638828706489672
0,10,50,0,n137,n97,3,501,478,47.8,0.8638828706489672
0,10,50,1,n129,n28,3,501,478,47.8,0.8638828706489672
0,10,50,2,n37,n184,3,501,478,47.8,0.8638828706489672
0,10,50,3,n298,n128,4,501,471,47.1,0.8147488534760301
0,10,50,4,n317,n228,4,501,471,47.1,0.8147488534760301
0,10,50,5,n75,n323,3,501,478,47.8,0.8638828706489672
0,10,50,6,n159,n368,3,501,478,47.8,0.8638828706489672
0,10,50,7,n248,n203,4,501,471,47.1,0.8147488534760301
0,10,50,8,n111,n352,5,501,463,46.3,0.7695474295696201
0,10,50,9,n285,n92,3,501,478,47.8,0.8638828706489672
0,10,60,0,n137,n97,3,601,574,57.4,0.8638828706489672
0,10,60,1,n129,n28,3,601,439,43.9,0.8638828706489672
0,10,60,2,n37,n184,3,601,574,57.4,0.8638828706489672
0,10,60,3,n298,n128,4,601,565,56.5,0.8147488534760301
0,10,60,4,n317,n228,4,601,565,56.5,0.8147488534760301
0,10,60,5,n75,n323,3,601,574,57.4,0.8638828706489672
0,10,60,6,n159,n368,3,601,546,54.6,0.8638828706489672
0,10,60,7,n248,n203,4,601,565,56.5,0.8147488534760301
0,10,60,8,n111,n352,5,601,536,53.6,0.7695474295696201
0,10,60,9,n285,n92,3,601,574,57.4,0.8638828706489672
0,10,70,0,n137,n97,3,701,669,66.9,0.8638828706489672
0,10,70,1,n129,n28,3,701,439,43.9,0.8638828706489672
0,10,70,2,n37,n184,3,701,669,66.9,0.8638828706489672
0,10,70,3,n298,n128,4,701,659,65.9,0.8147488534760301
0,10,70,4,n317,n228,4,701,659,65.9,0.8147488534760301
0,10,70,5,n75,n323,3,701,669,66.9,0.8638828706489672
0,10,70,6,n159,n368,3,701,519,51.9,0.8638828706489672
0,10,70,7,n248,n203,4,701,659,65.9,0.8147488534760301
0,10,70,8,n111,n352,5,701,546,54.6,0.7695474295696201
0,10,70,9,n285,n92,3,701,669,66.9,0.8638828706489672
0,10,80,0,n137,n97,3,801,765,76.5,0.8638828706489672
0,10,80,1,n129,n28,3,801,462,46.2,0.8638828706489672
0,10,80,2,n37,n184,3,801,765,76.5,0.8638828706489672
0,10,80,3,n298,n128,4,801,711,71.1,0.8147488534760301
0,10,80,4,n317,n228,4,801,711,71.1,0.8147488534760301
0,10,80,5,n75,n323,3,801,765,76.5,0.8638828706489672
0,10,80,6,n159,n368,3,801,498,49.8,0.8638828706489672
0,10,80,7,n248,n203,4,801,711,71.1,0.8147488534760301
0,10,80,8,n111,n352,5,801,549,54.9,0.7695474295696201
0,10,80,9,n285,n92,3,801,765,76.5,0.8638828706489672
0,10,90,0,n137,n97,3,901,860,86.0,0.8638828706489672
0,10,90,1,n129,n28,3,901,424,42.4,0.8638828706489672
0,10,90,2,n37,n184,3,901,860,86.0,0.8638828706489672
0,10,90,3,n298,n128,4,901,721,72.1,0.8147488534760301
0,10,90,4,n317,n228,4,901,721,72.1,0.8147488534760301
0,10,90,5,n75,n323,3,901,860,86.0,0.8638828706489672
0,10,90,6,n159,n368,3,901,487,48.7,0.8638828706489672
0,10,90,7,n248,n203,4,901,721,72.1,0.8147488534760301
0,10,90,8,n111,n352,5,901,553,55.3,0.7695474295696201
0,10,90,9,n285,n92,3,901,860,86.0,0.8638828706489672
0,10,100,0,n137,n97,3,1001,938,93.8,0.8638828706489672
0,10,100,1,n129,n28,3,1001,418,41.8,0.8638828706489672
0,10,100,2,n37,n184,3,1001,938,93.8,0.8638828706489672
0,10,100,3,n298,n128,4,1001,717,71.7,0.8147488534760301
0,10,100,4,n317,n228,4,1001,717,71.7,0.8147488534760301
0,10,100,5,n75,n323,3,1001,938,93.8,0.8638828706489672
0,10,100,6,n159,n368,3,1001,500,50.0,0.8638828706489672
0,10,100,7,n248,n203,4,1001,717,71.7,0.8147488534760301
0,10,100,8,n111,n352,5,1001,549,54.9,0.7695474295696201
0,10,100,9,n285,n92,3,1001,938,93.8,0.8638828706489672
0,20,10,0,n137,n97,3,101,96,9.6,0.8638828706489672
0,20,10,1,n129,n28,3,101,96,9.6,0.8638828706489672
0,20,10,2,n37,n184,3,101,96,9.6,0.8638828706489672
0,20,10,3,n298,n128,4,101,95,9.5,0.8147488534760301
0,20,10,4,n317,n228,4,101,95,9.5,0.8147488534760301
0,20,10,5,n75,n323,3,101,96,9.6,0.8638828706489672
0,20,10,6,n159,n368,3,101,96,9.6,0.8638828706489672
0,20,10,7,n248,n203,4,101,95,9.5,0.8147488534760301
0,20,10,8,n111,n352,5,101,93,9.3,0.7695474295696201
0,20,10,9,n285,n92,3,101,96,9.6,0.8638828706489672
0,20,10,10,n40,n55,3,101,96,9.6,0.8638828706489672
0,20,10,11,n330,n359,4,101,95,9.5,0.8147488534760301
0,20,10,12,n219,n245,4,101,95,9.5,0.8147488534760301
0,20,10,13,n43,n288,4,101,95,9.5,0.8147488534760301
0,20,10,14,n98,n151,2,101,98,9.8,0.9172916227393662
0,20,10,15,n284,n343,5,101,93,9.3,0.7695474295696201
0,20,10,16,n120,n70,2,101,98,9.8,0.9172916227393662
0,20,10,17,n158,n62,4,101,95,9.5,0.8147488534760301
0,20,10,18,n311,n389,3,101,96,9.6,0.8638828706489672
0,20,10,19,n58,n87,4,101,95,9.5,0.8147488534760301
0,20,20,0,n137,n97,3,201,192,19.2,0.8638828706489672
0,20,20,1,n129,n28,3,201,192,19.2,0.8638828706489672
0,20,20,2,n37,n184,3,201,192,19.2,0.8638828706489672
0,20,20,3,n298,n128,4,201,189,18.9,0.8147488534760301
0,20,20,4,n317,n228,4,201,189,18.9,0.8147488534760301
0,20,20,5,n75,n323,3,201,192,19.2,0.8638828706489672
0,20,20,6,n159,n368,3,201,192,19.2,0.8638828706489672
0,20,20,7,n248,n203,4,201,189,18.9,0.8147488534760301
0,20,20,8,n111,n352,5,201,186,18.6,0.7695474295696201
0,20,20,9,n285,n92,3,201,192,19.2,0.8638828706489672
0,20,20,10,n40,n55,3,201,192,19.2,0.8638828706489672
0,20,20,11,n330,n359,4,201,189,18.9,0.8147488534760301
0,20,20,12,n219,n245,4,201,189,18.9,0.8147488534760301
0,20,20,13,n43,n288,4,201,189,18.9,0.8147488534760301
0,20,20,14,n98,n151,2,201,195,19.5,0.9172916227393662
0,20,20,15,n284,n343,5,201,186,18.6,0.7695474295696201
0,20,20,16,n120,n70,2,201,195,19.5,0.9172916227393662
0,20,20,17,n158,n62,4,201,189,18.9,0.8147488534760301
0,20,20,18,n311,n389,3,201,192,19.2,0.8638828706489672
0,20,20,19,n58,n87,4,201,189,18.9,0.8147488534760301
0,20,30,0,n137,n97,3,301,287,28.7,0.8638828706489672
0,20,30,1,n129,n28,3,301,287,28.7,0.8638828706489672
0,20,30,2,n37,n184,3,301,287,28.7,0.8638828706489672
0,20,30,3,n298,n128,4,301,283,28.3,0.8147488534760301
0,20,30,4,n317,n228,4,301,283,28.3,0.8147488534760301
0,20,30,5,n75,n323,3,301,287,28.7,0.8638828706489672
0,20,30,6,n159,n368,3,301,287,28.7,0.8638828706489672
0,20,30,7,n248,n203,4,301,283,28.3,0.8147488534760301
0,20,30,8,n111,n352,5,301,278,27.8,0.7695474295696201
0,20,30,9,n285,n92,3,301,287,28.7,0.8638828706489672
0,20,30,10,n40,n55,3,301,287,28.7,0.8638828706489672
0,20,30,11,n330,n359,4,301,283,28.3,0.8147488534760301
0,20,30,12,n219,n245,4,301,283,28.3,0.8147488534760301
0,20,30,13,n43,n288,4,301,283,28.3,0.8147488534760301
0,20,30,14,n98,n151,2,301,292,29.2,0.9172916227393662
0,20,30,15,n284,n343,5,301,278,27.8,0.7695474295696201
0,20,30,16,n120,n70,2,301,292,29.2,0.9172916227393662
0,20,30,17,n158,n62,4,301,283,28.3,0.8147488534760301
0,20,30,18,n311,n389,3,301,287,28.7,0.8638828706489672
0,20,30,19,n58,n87,4,301,283,28.3,0.8147488534760301
0,20,40,0,n137,n97,3,401,383,38.3,0.8638828706489672
0,20,40,1,n129,n28,3,401,383,38.3,0.8638828706489672
0,20,40,2,n37,n184,3,401,383,38.3,0.8638828706489672
0,20,40,3,n298,n128,4,401,377,37.7,0.8147488534760301
0,20,40,4,n317,n228,4,401,377,37.7,0.8147488534760301
0,20,40,5,n75,n323,3,401,383,38.3,0.8638828706489672
0,20,40,6,n159,n368,3,401,372,37.2,0.8638828706489672
0,20,40,7,n248,n203,4,401,377,37.7,0.8147488534760301
0,20,40,8,n111,n352,5,401,352,35.2,0.7695474295696201
0,20,40,9,n285,n92,3,401,383,38.3,0.8638828706489672
0,20,40,10,n40,n55,3,401,383,38.3,0.8638828706489672
0,20,40,11,n330,n359,4,401,377,37.7,0.8147488534760301
0,20,40,12,n219,n245,4,401,377,37.7,0.8147488534760301
0,20,40,13,n43,n288,4,401,377,37.7,0.8147488534760301
0,20,40,14,n98,n151,2,401,389,38.9,0.9172916227393662
0,20,40,15,n284,n343,5,401,371,37.1,0.7695474295696201
0,20,40,16,n120,n70,2,401,389,38.9,0.9172916227393662
0,20,40,17,n158,n62,4,401,360,36.0,0.8147488534760301
0,20,40,18,n311,n389,3,401,383,38.3,0.8638828706489672
0,20,40,19,n58,n87,4,401,377,37.7,0.8147488534760301
0,20,50,0,n137,n97,3,501,478,47.8,0.8638828706489672
0,20,50,1,n129,n28,3,501,446,44.6,0.8638828706489672
0,20,50,2,n37,n184,3,501,478,47.8,0.8638828706489672
0,20,50,3,n298,n128,4,501,471,47.1,0.8147488534760301
0,20,50,4,n317,n228,4,501,471,47.1,0.8147488534760301
0,20,50,5,n75,n323,3,501,478,47.8,0.8638828706489672
0,20,50,6,n159,n368,3,501,416,41.6,0.8638828706489672
0,20,50,7,n248,n203,4,501,471,47.1,0.8147488534760301
0,20,50,8,n111,n352,5,501,343,34.3,0.7695474295696201
0,20,50,9,n285,n92,3,501,478,47.8,0.8638828706489672
0,20,50,10,n40,n55,3,501,478,47.8,0.8638828706489672
0,20,50,11,n330,n359,4,501,471,47.1,0.8147488534760301
0,20,50,12,n219,n245,4,501,471,47.1,0.8147488534760301
0,20,50,13,n43,n288,4,501,459,45.9,0.8147488534760301
0,20,50,14,n98,n151,2,501,486,48.6,0.9172916227393662
0,20,50,15,n284,n343,5,501,463,46.3,0.7695474295696201
0,20,50,16,n120,n70,2,501,486,48.6,0.9172916227393662
0,20,50,17,n158,n62,4,501,384,38.4,0.8147488534760301
0,20,50,18,n311,n389,3,501,478,47.8,0.8638828706489672
0,20,50,19,n58,n87,4,501,471,47.1,0.8147488534760301
0,20,60,0,n137,n97,3,601,574,57.4,0.8638828706489672
0,20,60,1,n129,n28,3,601,502,50.2,0.8638828706489672
0,20,60,2,n37,n184,3,601,574,57.4,0.8638828706489672
0,20,60,3,n298,n128,4,601,565,56.5,0.8147488534760301
0,20,60,4,n317,n228,4,601,565,56.5,0.8147488534760301
0,20,60,5,n75,n323,3,601,574,57.4,0.8638828706489672
0,20,60,6,n159,n368,3,601,230,23.0,0.8638828706489672
0,20,60,7,n248,n203,4,601,522,52.2,0.8147488534760301
0,20,60,8,n111,n352,5,601,425,42.5,0.7695474295696201
0,20,60,9,n285,n92,3,601,574,57.4,0.8638828706489672
0,20,60,10,n40,n55,3,601,574,57.4,0.8638828706489672
0,20,60,11,n330,n359,4,601,565,56.5,0.8147488534760301
0,20,60,12,n219,n245,4,601,565,56.5,0.8147488534760301
0,20,60,13,n43,n288,4,601,336,33.6,0.8147488534760301
0,20,60,14,n98,n151,2,601,583,58.3,0.9172916227393662
0,20,60,15,n284,n343,5,601,556,55.6,0.7695474295696201
0,20,60,16,n120,n70,2,601,583,58.3,0.9172916227393662
0,20,60,17,n158,n62,4,601,463,46.3,0.8147488534760301
0,20,60,18,n311,n389,3,601,574,57.4,0.8638828706489672
0,20,60,19,n58,n87,4,601,565,56.5,0.8147488534760301
0,20,70,0,n137,n97,3,701,669,66.9,0.8638828706489672
0,20,70,1,n129,n28,3,701,370,37.0,0.8638828706489672
0,20,70,2,n37,n184,3,701,669,66.9,0.8638828706489672
0,20,70,3,n298,n128,4,701,659,65.9,0.8147488534760301
0,20,70,4,n317,n228,4,701,659,65.9,0.8147488534760301
0,20,70,5,n75,n323,3,701,669,66.9,0.8638828706489672
0,20,70,6,n159,n368,3,701,351,35.1,0.8638828706489672
0,20,70,7,n248,n203,4,701,571,57.1,0.8147488534760301
0,20,70,8,n111,n352,5,701,341,34.1,0.7695474295696201
0,20,70,9,n285,n92,3,701,669,66.9,0.8638828706489672
0,20,70,10,n40,n55,3,701,669,66.9,0.8638828706489672
0,20,70,11,n330,n359,4,701,659,65.9,0.8147488534760301
0,20,70,12,n219,n245,4,701,659,65.9,0.8147488534760301
0,20,70,13,n43,n288,4,701,458,45.8,0.8147488534760301
0,20,70,14,n98,n151,2,701,680,68.0,0.9172916227393662
0,20,70,15,n284,n343,5,701,557,55.7,0.7695474295696201
0,20,70,16,n120,n70,2,701,680,68.0,0.9172916227393662
0,20,70,17,n158,n62,4,701,426,42.6,0.8147488534760301
0,20,70,18,n311,n389,3,701,669,66.9,0.8638828706489672
0,20,70,19,n58,n87,4,701,659,65.9,0.8147488534760301
0,20,80,0,n137,n97,3,801,746,74.6,0.8638828706489672
0,20,80,1,n129,n28,3,801,327,32.7,0.8638828706489672
0,20,80,2,n37,n184,3,801,765,76.5,0.8638828706489672
0,20,80,3,n298,n128,4,801,711,71.1,0.8147488534760301
0,20,80,4,n317,n228,4,801,711,71.1,0.8147488534760301
0,20,80,5,n75,n323,3,801,765,76.5,0.8638828706489672
0,20,80,6,n159,n368,3,801,334,33.4,0.8638828706489672
0,20,80,7,n248,n203,4,801,600,60.0,0.8147488534760301
0,20,80,8,n111,n352,5,801,317,31.7,0.7695474295696201
0,20,80,9,n285,n92,3,801,764,76.4,0.8638828706489672
0,20,80,10,n40,n55,3,801,765,76.5,0.8638828706489672
0,20,80,11,n330,n359,4,801,694,69.4,0.8147488534760301
0,20,80,12,n219,n245,4,801,711,71.1,0.8147488534760301
0,20,80,13,n43,n288,4,801,479,47.9,0.8147488534760301
0,20,80,14,n98,n151,2,801,777,77.7,0.9172916227393662
0,20,80,15,n284,n343,5,801,520,52.0,0.7695474295696201
0,20,80,16,n120,n70,2,801,777,77.7,0.9172916227393662
0,20,80,17,n158,n62,4,801,489,48.9,0.8147488534760301
0,20,80,18,n311,n389,3,801,765,76.5,0.8638828706489672
0,20,80,19,n58,n87,4,801,711,71.1,0.8147488534760301
0,20,90,0,n137,n97,3,901,776,77.6,0.8638828706489672
0,20,90,1,n129,n28,3,901,267,26.7,0.8638828706489672
0,20,90,2,n37,n184,3,901,860,86.0,0.8638828706489672
0,20,90,3,n298,n128,4,901,721,72.1,0.8147488534760301
0,20,90,4,n317,n228,4,901,721,72.1,0.8147488534760301
0,20,90,5,n75,n323,3,901,860,86.0,0.8638828706489672
0,20,90,6,n159,n368,3,901,276,27.6,0.8638828706489672
0,20,90,7,n248,n203,4,901,570,57.0,0.8147488534760301
0,20,90,8,n111,n352,5,901,367,36.7,0.7695474295696201
0,20,90,9,n285,n92,3,901,812,81.2,0.8638828706489672
0,20,90,10,n40,n55,3,901,860,86.0,0.8638828706489672
0,20,90,11,n330,n359,4,901,679,67.9,0.8147488534760301
0,20,90,12,n219,n245,4,901,721,72.1,0.8147488534760301
0,20,90,13,n43,n288,4,901,497,49.7,0.8147488534760301
0,20,90,14,n98,n151,2,901,874,87.4,0.9172916227393662
0,20,90,15,n284,n343,5,901,530,53.0,0.7695474295696201
0,20,90,16,n120,n70,2,901,874,87.4,0.9172916227393662
0,20,90,17,n158,n62,4,901,473,47.3,0.8147488534760301
0,20,90,18,n311,n389,3,901,860,86.0,0.8638828706489672
0,20,90,19,n58,n87,4,901,721,72.1,0.8147488534760301
0,20,100,0,n137,n97,3,1001,810,81.0,0.8638828706489672
0,20,100,1,n129,n28,3,1001,230,23.0,0.8638828706489672
0,20,100,2,n37,n184,3,1001,938,93.8,0.8638828706489672
0,20,100,3,n298,n128,4,1001,717,71.7,0.8147488534760301
0,20,100,4,n317,n228,4,1001,717,71.7,0.8147488534760301
0,20,100,5,n75,n323,3,1001,938,93.8,0.8638828706489672
0,20,100,6,n159,n368,3,1001,287,28.7,0.8638828706489672
0,20,100,7,n248,n203,4,1001,600,60.0,0.8147488534760301
0,20,100,8,n111,n352,5,1001,310,31.0,0.7695474295696201
0,20,100,9,n285,n92,3,1001,927,92.7,0.8638828706489672
0,20,100,10,n40,n55,3,1001,938,93.8,0.8638828706489672
0,20,100,11,n330,n359,4,1001,577,57.7,0.8147488534760301
0,20,100,12,n219,n245,4,1001,717,71.7,0.8147488534760301
0,20,100,13,n43,n288,4,1001,497,49.7,0.8147488534760301
0,20,100,14,n98,n151,2,1001,971,97.1,0.9172916227393662
0,20,100,15,n284,n343,5,1001,502,50.2,0.7695474295696201
0,20,100,16,n120,n70,2,1001,971,97.1,0.9172916227393662
0,20,100,17,n158,n62,4,1001,531,53.1,0.8147488534760301
0,20,100,18,n311,n389,3,1001,938,93.8,0.8638828706489672
0,20,100,19,n58,n87,4,1001,717,71.7,0.8147488534760301
0,30,10,0,n137,n97,3,101,96,9.6,0.8638828706489672
0,30,10,1,n129,n28,3,101,96,9.6,0.8638828706489672
0,30,10,2,n37,n184,3,101,96,9.6,0.8638828706489672
0,30,10,3,n298,n128,4,101,95,9.5,0.8147488534760301
0,30,10,4,n317,n228,4,101,95,9.5,0.8147488534760301
0,30,10,5,n75,n323,3,101,96,9.6,0.8638828706489672
0,30,10,6,n159,n368,3,101,96,9.6,0.8638828706489672
0,30,10,7,n248,n203,4,101,95,9.5,0.8147488534760301
0,30,10,8,n111,n352,5,101,93,9.3,0.7695474295696201
0,30,10,9,n285,n92,3,101,96,9.6,0.8638828706489672
0,30,10,10,n40,n55,3,101,96,9.6,0.8638828706489672
0,30,10,11,n330,n359,4,101,95,9.5,0.8147488534760301
0,30,10,12,n219,n245,4,101,95,9.5,0.8147488534760301
0,30,10,13,n43,n288,4,101,95,9.5,0.8147488534760301
0,30,10,14,n98,n151,2,101,98,9.8,0.9172916227393662
0,30,10,15,n284,n343,5,101,93,9.3,0.7695474295696201
0,30,10,16,n120,n70,2,101,98,9.8,0.9172916227393662
0,30,10,17,n158,n62,4,101,95,9.5,0.8147488534760301
0,30,10,18,n311,n389,3,101,96,9.6,0.8638828706489672
0,30,10,19,n58,n87,4,101,95,9.5,0.8147488534760301
0,30,10,20,n392,n177,5,101,93,9.3,0.7695474295696201
0,30,10,21,n233,n95,4,101,95,9.5,0.8147488534760301
0,30,10,22,n385,n44,3,101,96,9.6,0.8638828706489672
0,30,10,23,n320,n360,3,101,96,9.6,0.8638828706489672
0,30,10,24,n393,n30,3,101,96,9.6,0.8638828706489672
0,30,10,25,n23,n255,3,101,96,9.6,0.8638828706489672
0,30,10,26,n189,n46,3,101,96,9.6,0.8638828706489672
0,30,10,27,n364,n322,5,101,93,9.3,0.7695474295696201
0,30,10,28,n9,n130,4,101,95,9.5,0.8147488534760301
0,30,10,29,n182,n302,4,101,95,9.5,0.8147488534760301
0,30,20,0,n137,n97,3,201,192,19.2,0.8638828706489672
0,30,20,1,n129,n28,3,201,192,19.2,0.8638828706489672
0,30,20,2,n37,n184,3,201,192,19.2,0.8638828706489672
0,30,20,3,n298,n128,4,201,189,18.9,0.8147488534760301
0,30,20,4,n317,n228,4,201,189,18.9,0.8147488534760301
0,30,20,5,n75,n323,3,201,192,19.2,0.8638828706489672
0,30,20,6,n159,n368,3,201,192,19.2,0.8638828706489672
0,30,20,7,n248,n203,4,201,189,18.9,0.8147488534760301
0,30,20,8,n111,n352,5,201,186,18.6,0.7695474295696201
0,30,20,9,n285,n92,3,201,192,19.2,0.8638828706489672
0,30,20,10,n40,n55,3,201,192,19.2,0.8638828706489672
0,30,20,11,n330,n359,4,201,189,18.9,0.8147488534760301
0,30,20,12,n219,n245,4,201,189,18.9,0.8147488534760301
0,30,20,13,n43,n288,4,201,189,18.9,0.8147488534760301
0,30,20,14,n98,n151,2,201,195,19.5,0.9172916227393662
0,30,20,15,n284,n343,5,201,186,18.6,0.7695474295696201
0,30,20,16,n120,n70,2,201,195,19.5,0.9172916227393662
0,30,20,17,n158,n62,4,201,189,18.9,0.8147488534760301
0,30,20,18,n311,n389,3,201,192,19.2,0.8638828706489672
0,30,20,19,n58,n87,4,201,189,18.9,0.8147488534760301
0,30,20,20,n392,n177,5,201,186,18.6,0.7695474295696201
0,30,20,21,n233,n95,4,201,189,18.9,0.8147488534760301
0,30,20,22,n385,n44,3,201,192,19.2,0.8638828706489672
0,30,20,23,n320,n360,3,201,192,19.2,0.8638828706489672
0,30,20,24,n393,n30,3,201,192,19.2,0.8638828706489672
0,30,20,25,n23,n255,3,201,192,19.2,0.8638828706489672
0,30,20,26,n189,n46,3,201,192,19.2,0.8638828706489672
0,30,20,27,n364,n322,5,201,186,18.6,0.7695474295696201
0,30,20,28,n9,n130,4,201,189,18.9,0.8147488534760301
0,30,20,29,n182,n302,4,201,189,18.9,0.8147488534760301
0,30,30,0,n137,n97,3,301,287,28.7,0.8638828706489672
0,30,30,1,n129,n28,3,301,287,28.7,0.8638828706489672
0,30,30,2,n37,n184,3,301,287,28.7,0.8638828706489672
0,30,30,3,n298,n128,4,301,283,28.3,0.8147488534760301
0,30,30,4,n317,n228,4,301,283,28.3,0.8147488534760301
0,30,30,5,n75,n323,3,301,287,28.7,0.8638828706489672
0,30,30,6,n159,n368,3,301,287,28.7,0.8638828706489672
0,30,30,7,n248,n203,4,301,283,28.3,0.8147488534760301
0,30,30,8,n111,n352,5,301,278,27.8,0.7695474295696201
0,30,30,9,n285,n92,3,301,287,28.7,0.8638828706489672
0,30,30,10,n40,n55,3,301,287,28.7,0.8638828706489672
0,30,30,11,n330,n359,4,301,283,28.3,0.8147488534760301
0,30,30,12,n219,n245,4,301,283,28.3,0.8147488534760301
0,30,30,13,n43,n288,4,301,283,28.3,0.8147488534760301
0,30,30,14,n98,n151,2,301,292,29.2,0.9172916227393662
0,30,30,15,n284,n343,5,301,278,27.8,0.7695474295696201
0,30,30,16,n120,n70,2,301,292,29.2,0.9172916227393662
0,30,30,17,n158,n62,4,301,283,28.3,0.8147488534760301
0,30,30,18,n311,n389,3,301,287,28.7,0.8638828706489672
0,30,30,19,n58,n87,4,301,283,28.3,0.8147488534760301
0,30,30,20,n392,n177,5,301,278,27.8,0.7695474295696201
0,30,30,21,n233,n95,4,301,283,28.3,0.8147488534760301
0,30,30,22,n385,n44,3,301,287,28.7,0.8638828706489672
0,30,30,23,n320,n360,3,301,287,28.7,0.8638828706489672
0,30,30,24,n393,n30,3,301,287,28.7,0.8638828706489672
0,30,30,25,n23,n255,3,301,287,28.7,0.8638828706489672
0,30,30,26,n189,n46,3,301,287,28.7,0.8638828706489672
0,30,30,27,n364,n322,5,301,278,27.8,0.7695474295696201
0,30,30,28,n9,n130,4,301,283,28.3,0.8147488534760301
0,30,30,29,n182,n302,4,301,283,28.3,0.8147488534760301
0,30,40,0,n137,n97,3,401,383,38.3,0.8638828706489672
0,30,40,1,n129,n28,3,401,383,38.3,0.8638828706489672
0,30,40,2,n37,n184,3,401,383,38.3,0.8638828706489672
0,30,40,3,n298,n128,4,401,377,37.7,0.8147488534760301
0,30,40,4,n317,n228,4,401,377,37.7,0.8147488534760301
0,30,40,5,n75,n323,3,401,383,38.3,0.8638828706489672
0,30,40,6,n159,n368,3,401,371,37.1,0.8638828706489672
0,30,40,7,n248,n203,4,401,377,37.7,0.8147488534760301
0,30,40,8,n111,n352,5,401,354,35.4,0.7695474295696201
0,30,40,9,n285,n92,3,401,383,38.3,0.8638828706489672
0,30,40,10,n40,n55,3,401,383,38.3,0.8638828706489672
0,30,40,11,n330,n359,4,401,377,37.7,0.8147488534760301
0,30,40,12,n219,n245,4,401,377,37.7,0.8147488534760301
0,30,40,13,n43,n288,4,401,377,37.7,0.8147488534760301
0,30,40,14,n98,n151,2,401,389,38.9,0.9172916227393662
0,30,40,15,n284,n343,5,401,371,37.1,0.7695474295696201
0,30,40,16,n120,n70,2,401,389,38.9,0.9172916227393662
0,30,40,17,n158,n62,4,401,357,35.7,0.8147488534760301
0,30,40,18,n311,n389,3,401,383,38.3,0.8638828706489672
0,30,40,19,n58,n87,4,401,377,37.7,0.8147488534760301
0,30,40,20,n392,n177,5,401,371,37.1,0.7695474295696201
0,30,40,21,n233,n95,4,401,377,37.7,0.8147488534760301
0,30,40,22,n385,n44,3,401,383,38.3,0.8638828706489672
0,30,40,23,n320,n360,3,401,383,38.3,0.8638828706489672
0,30,40,24,n393,n30,3,401,383,38.3,0.8638828706489672
0,30,40,25,n23,n255,3,401,383,38.3,0.8638828706489672
0,30,40,26,n189,n46,3,401,383,38.3,0.8638828706489672
0,30,40,27,n364,n322,5,401,371,37.1,0.7695474295696201
0,30,40,28,n9,n130,4,401,377,37.7,0.8147488534760301
0,30,40,29,n182,n302,4,401,377,37.7,0.8147488534760301
0,30,50,0,n137,n97,3,501,448,44.8,0.8638828706489672
0,30,50,1,n129,n28,3,501,474,47.4,0.8638828706489672
0,30,50,2,n37,n184,3,501,478,47.8,0.8638828706489672
0,30,50,3,n298,n128,4,501,471,47.1,0.8147488534760301
0,30,50,4,n317,n228,4,501,471,47.1,0.8147488534760301
0,30,50,5,n75,n323,3,501,478,47.8,0.8638828706489672
0,30,50,6,n159,n368,3,501,404,40.4,0.8638828706489672
0,30,50,7,n248,n203,4,501,471,47.1,0.8147488534760301
0,30,50,8,n111,n352,5,501,354,35.4,0.7695474295696201
0,30,50,9,n285,n92,3,501,478,47.8,0.8638828706489672
0,30,50,10,n40,n55,3,501,478,47.8,0.8638828706489672
0,30,50,11,n330,n359,4,501,438,43.8,0.8147488534760301
0,30,50,12,n219,n245,4,501,471,47.1,0.8147488534760301
0,30,50,13,n43,n288,4,501,385,38.5,0.8147488534760301
0,30,50,14,n98,n151,2,501,486,48.6,0.9172916227393662
0,30,50,15,n284,n343,5,501,463,46.3,0.7695474295696201
0,30,50,16,n120,n70,2,501,486,48.6,0.9172916227393662
0,30,50,17,n158,n62,4,501,380,38.0,0.8147488534760301
0,30,50,18,n311,n389,3,501,478,47.8,0.8638828706489672
0,30,50,19,n58,n87,4,501,471,47.1,0.8147488534760301
0,30,50,20,n392,n177,5,501,463,46.3,0.7695474295696201
0,30,50,21,n233,n95,4,501,438,43.8,0.8147488534760301
0,30,50,22,n385,n44,3,501,478,47.8,0.8638828706489672
0,30,50,23,n320,n360,3,501,478,47.8,0.8638828706489672
0,30,50,24,n393,n30,3,501,478,47.8,0.8638828706489672
0,30,50,25,n23,n255,3,501,478,47.8,0.8638828706489672
0,30,50,26,n189,n46,3,501,458,45.8,0.8638828706489672
0,30,50,27,n364,n322,5,501,463,46.3,0.7695474295696201
0,30,50,28,n9,n130,4,501,461,46.1,0.8147488534760301
0,30,50,29,n182,n302,4,501,471,47.1,0.8147488534760301
0,30,60,0,n137,n97,3,601,422,42.2,0.8638828706489672
0,30,60,1,n129,n28,3,601,548,54.8,0.8638828706489672
0,30,60,2,n37,n184,3,601,574,57.4,0.8638828706489672
0,30,60,3,n298,n128,4,601,565,56.5,0.8147488534760301
0,30,60,4,n317,n228,4,601,565,56.5,0.8147488534760301
0,30,60,5,n75,n323,3,601,574,57.4,0.8638828706489672
0,30,60,6,n159,n368,3,601,101,10.1,0.8638828706489672
0,30,60,7,n248,n203,4,601,522,52.2,0.8147488534760301
0,30,60,8,n111,n352,5,601,505,50.5,0.7695474295696201
0,30,60,9,n285,n92,3,601,574,57.4,0.8638828706489672
0,30,60,10,n40,n55,3,601,530,53.0,0.8638828706489672
0,30,60,11,n330,n359,4,601,565,56.5,0.8147488534760301
0,30,60,12,n219,n245,4,601,565,56.5,0.8147488534760301
0,30,60,13,n43,n288,4,601,226,22.6,0.8147488534760301
0,30,60,14,n98,n151,2,601,583,58.3,0.9172916227393662
0,30,60,15,n284,n343,5,601,556,55.6,0.7695474295696201
0,30,60,16,n120,n70,2,601,583,58.3,0.9172916227393662
0,30,60,17,n158,n62,4,601,510,51.0,0.8147488534760301
0,30,60,18,n311,n389,3,601,401,40.1,0.8638828706489672
0,30,60,19,n58,n87,4,601,565,56.5,0.8147488534760301
0,30,60,20,n392,n177,5,601,514,51.4,0.7695474295696201
0,30,60,21,n233,n95,4,601,418,41.8,0.8147488534760301
0,30,60,22,n385,n44,3,601,574,57.4,0.8638828706489672
0,30,60,23,n320,n360,3,601,574,57.4,0.8638828706489672
0,30,60,24,n393,n30,3,601,402,40.2,0.8638828706489672
0,30,60,25,n23,n255,3,601,574,57.4,0.8638828706489672
0,30,60,26,n189,n46,3,601,570,57.0,0.8638828706489672
0,30,60,27,n364,n322,5,601,514,51.4,0.7695474295696201
0,30,60,28,n9,n130,4,601,565,56.5,0.8147488534760301
0,30,60,29,n182,n302,4,601,565,56.5,0.8147488534760301
0,30,70,0,n137,n97,3,701,427,42.7,0.8638828706489672
0,30,70,1,n129,n28,3,701,465,46.5,0.8638828706489672
0,30,70,2,n37,n184,3,701,669,66.9,0.8638828706489672
0,30,70,3,n298,n128,4,701,659,65.9,0.8147488534760301
0,30,70,4,n317,n228,4,701,659,65.9,0.8147488534760301
0,30,70,5,n75,n323,3,701,669,66.9,0.8638828706489672
0,30,70,6,n159,n368,3,701,335,33.5,0.8638828706489672
0,30,70,7,n248,n203,4,701,571,57.1,0.8147488534760301
0,30,70,8,n111,n352,5,701,384,38.4,0.7695474295696201
0,30,70,9,n285,n92,3,701,669,66.9,0.8638828706489672
0,30,70,10,n40,n55,3,701,570,57.0,0.8638828706489672
0,30,70,11,n330,n359,4,701,503,50.3,0.8147488534760301
0,30,70,12,n219,n245,4,701,659,65.9,0.8147488534760301
0,30,70,13,n43,n288,4,701,250,25.0,0.8147488534760301
0,30,70,14,n98,n151,2,701,680,68.0,0.9172916227393662
0,30,70,15,n284,n343,5,701,557,55.7,0.7695474295696201
0,30,70,16,n120,n70,2,701,680,68.0,0.9172916227393662
0,30,70,17,n158,n62,4,701,414,41.4,0.8147488534760301
0,30,70,18,n311,n389,3,701,325,32.5,0.8638828706489672
0,30,70,19,n58,n87,4,701,604,60.4,0.8147488534760301
0,30,70,20,n392,n177,5,701,527,52.7,0.7695474295696201
0,30,70,21,n233,n95,4,701,446,44.6,0.8147488534760301
0,30,70,22,n385,n44,3,701,669,66.9,0.8638828706489672
0,30,70,23,n320,n360,3,701,669,66.9,0.8638828706489672
0,30,70,24,n393,n30,3,701,321,32.1,0.8638828706489672
0,30,70,25,n23,n255,3,701,665,66.5,0.8638828706489672
0,30,70,26,n189,n46,3,701,550,55.0,0.8638828706489672
0,30,70,27,n364,n322,5,701,484,48.4,0.7695474295696201
0,30,70,28,n9,n130,4,701,551,55.1,0.8147488534760301
0,30,70,29,n182,n302,4,701,659,65.9,0.8147488534760301
0,30,80,0,n137,n97,3,801,486,48.6,0.8638828706489672
0,30,80,1,n129,n28,3,801,393,39.3,0.8638828706489672
0,30,80,2,n37,n184,3,801,646,64.6,0.8638828706489672
0,30,80,3,n298,n128,4,801,714,71.4,0.8147488534760301
0,30,80,4,n317,n228,4,801,714,71.4,0.8147488534760301
0,30,80,5,n75,n323,3,801,765,76.5,0.8638828706489672
0,30,80,6,n159,n368,3,801,335,33.5,0.8638828706489672
0,30,80,7,n248,n203,4,801,603,60.3,0.8147488534760301
0,30,80,8,n111,n352,5,801,362,36.2,0.7695474295696201
0,30,80,9,n285,n92,3,801,765,76.5,0.8638828706489672
0,30,80,10,n40,n55,3,801,659,65.9,0.8638828706489672
0,30,80,11,n330,n359,4,801,388,38.8,0.8147488534760301
0,30,80,12,n219,n245,4,801,714,71.4,0.8147488534760301
0,30,80,13,n43,n288,4,801,306,30.6,0.8147488534760301
0,30,80,14,n98,n151,2,801,777,77.7,0.9172916227393662
0,30,80,15,n284,n343,5,801,519,51.9,0.7695474295696201
0,30,80,16,n120,n70,2,801,777,77.7,0.9172916227393662
0,30,80,17,n158,n62,4,801,443,44.3,0.8147488534760301
0,30,80,18,n311,n389,3,801,386,38.6,0.8638828706489672
0,30,80,19,n58,n87,4,801,644,64.4,0.8147488534760301
0,30,80,20,n392,n177,5,801,492,49.2,0.7695474295696201
0,30,80,21,n233,n95,4,801,475,47.5,0.8147488534760301
0,30,80,22,n385,n44,3,801,765,76.5,0.8638828706489672
0,30,80,23,n320,n360,3,801,765,76.5,0.8638828706489672
0,30,80,24,n393,n30,3,801,372,37.2,0.8638828706489672
0,30,80,25,n23,n255,3,801,631,63.1,0.8638828706489672
0,30,80,26,n189,n46,3,801,499,49.9,0.8638828706489672
0,30,80,27,n364,n322,5,801,465,46.5,0.7695474295696201
0,30,80,28,n9,n130,4,801,475,47.5,0.8147488534760301
0,30,80,29,n182,n302,4,801,714,71.4,0.8147488534760301
0,30,90,0,n137,n97,3,901,436,43.6,0.8638828706489672
0,30,90,1,n129,n28,3,901,418,41.8,0.8638828706489672
0,30,90,2,n37,n184,3,901,815,81.5,0.8638828706489672
0,30,90,3,n298,n128,4,901,721,72.1,0.8147488534760301
0,30,90,4,n317,n228,4,901,721,72.1,0.8147488534760301
0,30,90,5,n75,n323,3,901,860,86.0,0.8638828706489672
0,30,90,6,n159,n368,3,901,262,26.2,0.8638828706489672
0,30,90,7,n248,n203,4,901,570,57.0,0.8147488534760301
0,30,90,8,n111,n352,5,901,388,38.8,0.7695474295696201
0,30,90,9,n285,n92,3,901,812,81.2,0.8638828706489672
0,30,90,10,n40,n55,3,901,593,59.3,0.8638828706489672
0,30,90,11,n330,n359,4,901,494,49.4,0.8147488534760301
0,30,90,12,n219,n245,4,901,721,72.1,0.8147488534760301
0,30,90,13,n43,n288,4,901,192,19.2,0.8147488534760301
0,30,90,14,n98,n151,2,901,874,87.4,0.9172916227393662
0,30,90,15,n284,n343,5,901,530,53.0,0.7695474295696201
0,30,90,16,n120,n70,2,901,874,87.4,0.9172916227393662
0,30,90,17,n158,n62,4,901,439,43.9,0.8147488534760301
0,30,90,18,n311,n389,3,901,170,17.0,0.8638828706489672
0,30,90,19,n58,n87,4,901,631,63.1,0.8147488534760301
0,30,90,20,n392,n177,5,901,485,48.5,0.7695474295696201
0,30,90,21,n233,n95,4,901,457,45.7,0.8147488534760301
0,30,90,22,n385,n44,3,901,860,86.0,0.8638828706489672
0,30,90,23,n320,n360,3,901,860,86.0,0.8638828706489672
0,30,90,24,n393,n30,3,901,159,15.9,0.8638828706489672
0,30,90,25,n23,n255,3,901,803,80.3,0.8638828706489672
0,30,90,26,n189,n46,3,901,572,57.2,0.8638828706489672
0,30,90,27,n364,n322,5,901,448,44.8,0.7695474295696201
0,30,90,28,n9,n130,4,901,566,56.6,0.8147488534760301
0,30,90,29,n182,n302,4,901,721,72.1,0.8147488534760301
0,30,100,0,n137,n97,3,1001,526,52.6,0.8638828706489672
0,30,100,1,n129,n28,3,1001,349,34.9,0.8638828706489672
0,30,100,2,n37,n184,3,1001,685,68.5,0.8638828706489672
0,30,100,3,n298,n128,4,1001,718,71.8,0.8147488534760301
0,30,100,4,n317,n228,4,1001,719,71.9,0.8147488534760301
0,30,100,5,n75,n323,3,1001,939,93.9,0.8638828706489672
0,30,100,6,n159,n368,3,1001,271,27.1,0.8638828706489672
0,30,100,7,n248,n203,4,1001,605,60.5,0.8147488534760301
0,30,100,8,n111,n352,5,1001,326,32.6,0.7695474295696201
0,30,100,9,n285,n92,3,1001,931,93.1,0.8638828706489672
0,30,100,10,n40,n55,3,1001,686,68.6,0.8638828706489672
0,30,100,11,n330,n359,4,1001,294,29.4,0.8147488534760301
0,30,100,12,n219,n245,4,1001,718,71.8,0.8147488534760301
0,30,100,13,n43,n288,4,1001,285,28.5,0.8147488534760301
0,30,100,14,n98,n151,2,1001,971,97.1,0.9172916227393662
0,30,100,15,n284,n343,5,1001,507,50.7,0.7695474295696201
0,30,100,16,n120,n70,2,1001,971,97.1,0.9172916227393662
0,30,100,17,n158,n62,4,1001,490,49.0,0.8147488534760301
0,30,100,18,n311,n389,3,1001,305,30.5,0.8638828706489672
0,30,100,19,n58,n87,4,1001,648,64.8,0.8147488534760301
0,30,100,20,n392,n177,5,1001,472,47.2,0.7695474295696201
0,30,100,21,n233,n95,4,1001,492,49.2,0.8147488534760301
0,30,100,22,n385,n44,3,1001,938,93.8,0.8638828706489672
0,30,100,23,n320,n360,3,1001,938,93.8,0.8638828706489672
0,30,100,24,n393,n30,3,1001,334,33.4,0.8638828706489672
0,30,100,25,n23,n255,3,1001,702,70.2,0.8638828706489672
0,30,100,26,n189,n46,3,1001,490,49.0,0.8638828706489672
0,30,100,27,n364,n322,5,1001,426,42.6,0.7695474295696201
0,30,100,28,n9,n130,4,1001,473,47.3,0.8147488534760301
0,30,100,29,n182,n302,4,1001,718,71.8,0.8147488534760301
0,40,10,0,n137,n97,3,101,96,9.6,0.8638828706489672
0,40,10,1,n129,n28,3,101,96,9.6,0.8638828706489672
0,40,10,2,n37,n184,3,101,96,9.6,0.8638828706489672
0,40,10,3,n298,n128,4,101,95,9.5,0.8147488534760301
0,40,10,4,n317,n228,4,101,95,9.5,0.8147488534760301
0,40,10,5,n75,n323,3,101,96,9.6,0.8638828706489672
0,40,10,6,n159,n368,3,101,96,9.6,0.8638828706489672
0,40,10,7,n248,n203,4,101,95,9.5,0.8147488534760301
0,40,10,8,n111,n352,5,101,93,9.3,0.7695474295696201
0,40,10,9,n285,n92,3,101,96,9.6,0.8638828706489672
0,40,10,10,n40,n55,3,101,96,9.6,0.8638828706489672
0,40,10,11,n330,n359,4,101,95,9.5,0.8147488534760301
0,40,10,12,n219,n245,4,101,95,9.5,0.8147488534760301
0,40,10,13,n43,n288,4,101,95,9.5,0.8147488534760301
0,40,10,14,n98,n151,2,101,98,9.8,0.9172916227393662
0,40,10,15,n284,n343,5,101,93,9.3,0.7695474295696201
0,40,10,16,n120,n70,2,101,98,9.8,0.9172916227393662
0,40,10,17,n158,n62,4,101,95,9.5,0.8147488534760301
0,40,10,18,n311,n389,3,101,96,9.6,0.8638828706489672
0,40,10,19,n58,n87,4,101,95,9.5,0.8147488534760301
0,40,10,20,n392,n177,5,101,93,9.3,0.7695474295696201
0,40,10,21,n233,n95,4,101,95,9.5,0.8147488534760301
0,40,10,22,n385,n44,3,101,96,9.6,0.8638828706489672
0,40,10,23,n320,n360,3,101,96,9.6,0.8638828706489672
0,40,10,24,n393,n30,3,101,96,9.6,0.8638828706489672
0,40,10,25,n23,n255,3,101,96,9.6,0.8638828706489672
0,40,10,26,n189,n46,3,101,96,9.6,0.8638828706489672
0,40,10,27,n364,n322,5,101,93,9.3,0.7695474295696201
0,40,10,28,n9,n130,4,101,95,9.5,0.8147488534760301
0,40,10,29,n182,n302,4,101,95,9.5,0.8147488534760301
0,40,10,30,n65,n397,4,101,95,9.5,0.8147488534760301
0,40,10,31,n8,n179,4,101,95,9.5,0.8147488534760301
0,40,10,32,n220,n253,4,101,95,9.5,0.8147488534760301
0,40,10,33,n379,n63,4,101,95,9.5,0.8147488534760301
0,40,10,34,n60,n14,4,101,95,9.5,0.8147488534760301
0,40,10,35,n131,n375,3,101,96,9.6,0.8638828706489672
0,40,10,36,n88,n149,3,101,96,9.6,0.8638828706489672
0,40,10,37,n106,n361,3,101,96,9.6,0.8638828706489672
0,40,10,38,n192,n124,4,101,95,9.5,0.8147488534760301
0,40,10,39,n344,n315,3,101,96,9.6,0.8638828706489672
0,40,20,0,n137,n97,3,201,192,19.2,0.8638828706489672
0,40,20,1,n129,n28,3,201,192,19.2,0.8638828706489672
0,40,20,2,n37,n184,3,201,192,19.2,0.8638828706489672
0,40,20,3,n298,n128,4,201,189,18.9,0.8147488534760301
0,40,20,4,n317,n228,4,201,189,18.9,0.8147488534760301
0,40,20,5,n75,n323,3,201,192,19.2,0.8638828706489672
0,40,20,6,n159,n368,3,201,192,19.2,0.8638828706489672
0,40,20,7,n248,n203,4,201,189,18.9,0.8147488534760301
0,40,20,8,n111,n352,5,201,186,18.6,0.7695474295696201
0,40,20,9,n285,n92,3,201,192,19.2,0.8638828706489672
0,40,20,10,n40,n55,3,201,192,19.2,0.8638828706489672
0,40,20,11,n330,n359,4,201,189,18.9,0.8147488534760301
0,40,20,12,n219,n245,4,201,189,18.9,0.8147488534760301
0,40,20,13,n43,n288,4,201,189,18.9,0.8147488534760301
0,40,20,14,n98,n151,2,201,195,19.5,0.9172916227393662
0,40,20,15,n284,n343,5,201,186,18.6,0.7695474295696201
0,40,20,16,n120,n70,2,201,195,19.5,0.9172916227393662
0,40,20,17,n158,n62,4,201,189,18.9,0.8147488534760301
0,40,20,18,n311,n389,3,201,192,19.2,0.8638828706489672
0,40,20,19,n58,n87,4,201,189,18.9,0.8147488534760301
0,40,20,20,n392,n177,5,201,186,18.6,0.7695474295696201
0,40,20,21,n233,n95,4,201,189,18.9,0.8147488534760301
0,40,20,22,n385,n44,3,201,192,19.2,0.8638828706489672
0,40,20,23,n320,n360,3,201,192,19.2,0.8638828706489672
0,40,20,24,n393,n30,3,201,192,19.2,0.8638828706489672
0,40,20,25,n23,n255,3,201,192,19.2,0.8638828706489672
0,40,20,26,n189,n46,3,201,192,19.2,0.8638828706489672
0,40,20,27,n364,n322,5,201,186,18.6,0.7695474295696201
0,40,20,28,n9,n130,4,201,189,18.9,0.8147488534760301
0,40,20,29,n182,n302,4,201,189,18.9,0.8147488534760301
0,40,20,30,n65,n397,4,201,189,18.9,0.8147488534760301
0,40,20,31,n8,n179,4,201,189,18.9,0.8147488534760301
0,40,20,32,n220,n253,4,201,189,18.9,0.8147488534760301
0,40,20,33,n379,n63,4,201,189,18.9,0.8147488534760301
0,40,20,34,n60,n14,4,201,189,18.9,0.8147488534760301
0,40,20,35,n131,n375,3,201,192,19.2,0.8638828706489672
0,40,20,36,n88,n149,3,201,192,19.2,0.8638828706489672
0,40,20,37,n106,n361,3,201,192,19.2,0.8638828706489672
0,40,20,38,n192,n124,4,201,189,18.9,0.8147488534760301
0,40,20,39,n344,n315,3,201,192,19.2,0.8638828706489672
0,40,30,0,n137,n97,3,301,287,28.7,0.8638828706489672
0,40,30,1,n129,n28,3,301,287,28.7,0.8638828706489672
0,40,30,2,n37,n184,3,301,287,28.7,0.8638828706489672
0,40,30,3,n298,n128,4,301,283,28.3,0.8147488534760301
0,40,30,4,n317,n228,4,301,283,28.3,0.8147488534760301
0,40,30,5,n75,n323,3,301,287,28.7,0.8638828706489672
0,40,30,6,n159,n368,3,301,287,28.7,0.8638828706489672
0,40,30,7,n248,n203,4,301,283,28.3,0.8147488534760301
0,40,30,8,n111,n352,5,301,278,27.8,0.7695474295696201
0,40,30,9,n285,n92,3,301,287,28.7,0.8638828706489672
0,40,30,10,n40,n55,3,301,287,28.7,0.8638828706489672
0,40,30,11,n330,n359,4,301,283,28.3,0.8147488534760301
0,40,30,12,n219,n245,4,301,283,28.3,0.8147488534760301
0,40,30,13,n43,n288,4,301,283,28.3,0.8147488534760301
0,40,30,14,n98,n151,2,301,292,29.2,0.9172916227393662
0,40,30,15,n284,n343,5,301,278,27.8,0.7695474295696201
0,40,30,16,n120,n70,2,301,292,29.2,0.9172916227393662
0,40,30,17,n158,n62,4,301,283,28.3,0.8147488534760301
0,40,30,18,n311,n389,3,301,287,28.7,0.8638828706489672
0,40,30,19,n58,n87,4,301,283,28.3,0.8147488534760301
0,40,30,20,n392,n177,5,301,278,27.8,0.7695474295696201
0,40,30,21,n233,n95,4,301,283,28.3,0.8147488534760301
0,40,30,22,n385,n44,3,301,287,28.7,0.8638828706489672
0,40,30,23,n320,n360,3,301,287,28.7,0.8638828706489672
0,40,30,24,n393,n30,3,301,287,28.7,0.8638828706489672
0,40,30,25,n23,n255,3,301,287,28.7,0.8638828706489672
0,40,30,26,n189,n46,3,301,287,28.7,0.8638828706489672
0,40,30,27,n364,n322,5,301,278,27.8,0.7695474295696201
0,40,30,28,n9,n130,4,301,283,28.3,0.8147488534760301
0,40,30,29,n182,n302,4,301,283,28.3,0.8147488534760301
0,40,30,30,n65,n397,4,301,283,28.3,0.8147488534760301
0,40,30,31,n8,n179,4,301,283,28.3,0.8147488534760301
0,40,30,32,n220,n253,4,301,283,28.3,0.8147488534760301
0,40,30,33,n379,n63,4,301,283,28.3,0.8147488534760301
0,40,30,34,n60,n14,4,301,283,28.3,0.8147488534760301
0,40,30,35,n131,n375,3,301,287,28.7,0.8638828706489672
0,40,30,36,n88,n149,3,301,287,28.7,0.8638828706489672
0,40,30,37,n106,n361,3,301,287,28.7,0.8638828706489672
0,40,30,38,n192,n124,4,301,283,28.3,0.8147488534760301
0,40,30,39,n344,n315,3,301,287,28.7,0.8638828706489672
0,40,40,0,n137,n97,3,401,383,38.3,0.8638828706489672
0,40,40,1,n129,n28,3,401,383,38.3,0.8638828706489672
0,40,40,2,n37,n184,3,401,383,38.3,0.8638828706489672
0,40,40,3,n298,n128,4,401,377,37.7,0.8147488534760301
0,40,40,4,n317,n228,4,401,377,37.7,0.8147488534760301
0,40,40,5,n75,n323,3,401,383,38.3,0.8638828706489672
0,40,40,6,n159,n368,3,401,366,36.6,0.8638828706489672
0,40,40,7,n248,n203,4,401,377,37.7,0.8147488534760301
0,40,40,8,n111,n352,5,401,354,35.4,0.7695474295696201
0,40,40,9,n285,n92,3,401,383,38.3,0.8638828706489672
0,40,40,10,n40,n55,3,401,383,38.3,0.8638828706489672
0,40,40,11,n330,n359,4,401,377,37.7,0.8147488534760301
0,40,40,12,n219,n245,4,401,377,37.7,0.8147488534760301
0,40,40,13,n43,n288,4,401,377,37.7,0.8147488534760301
0,40,40,14,n98,n151,2,401,389,38.9,0.9172916227393662
0,40,40,15,n284,n343,5,401,371,37.1,0.7695474295696201
0,40,40,16,n120,n70,2,401,389,38.9,0.9172916227393662
0,40,40,17,n158,n62,4,401,354,35.4,0.8147488534760301
0,40,40,18,n311,n389,3,401,341,34.1,0.8638828706489672
0,40,40,19,n58,n87,4,401,377,37.7,0.8147488534760301
0,40,40,20,n392,n177,5,401,371,37.1,0.7695474295696201
0,40,40,21,n233,n95,4,401,377,37.7,0.8147488534760301
0,40,40,22,n385,n44,3,401,383,38.3,0.8638828706489672
0,40,40,23,n320,n360,3,401,383,38.3,0.8638828706489672
0,40,40,24,n393,n30,3,401,383,38.3,0.8638828706489672
0,40,40,25,n23,n255,3,401,368,36.8,0.8638828706489672
0,40,40,26,n189,n46,3,401,285,28.5,0.8638828706489672
0,40,40,27,n364,n322,5,401,272,27.2,0.7695474295696201
0,40,40,28,n9,n130,4,401,377,37.7,0.8147488534760301
0,40,40,29,n182,n302,4,401,377,37.7,0.8147488534760301
0,40,40,30,n65,n397,4,401,377,37.7,0.8147488534760301
0,40,40,31,n8,n179,4,401,347,34.7,0.8147488534760301
0,40,40,32,n220,n253,4,401,377,37.7,0.8147488534760301
0,40,40,33,n379,n63,4,401,377,37.7,0.8147488534760301
0,40,40,34,n60,n14,4,401,377,37.7,0.8147488534760301
0,40,40,35,n131,n375,3,401,383,38.3,0.8638828706489672
0,40,40,36,n88,n149,3,401,326,32.6,0.8638828706489672
0,40,40,37,n106,n361,3,401,383,38.3,0.8638828706489672
0,40,40,38,n192,n124,4,401,377,37.7,0.8147488534760301
0,40,40,39,n344,n315,3,401,383,38.3,0.8638828706489672
0,40,50,0,n137,n97,3,501,442,44.2,0.8638828706489672
0,40,50,1,n129,n28,3,501,472,47.2,0.8638828706489672
0,40,50,2,n37,n184,3,501,478,47.8,0.8638828706489672
0,40,50,3,n298,n128,4,501,462,46.2,0.8147488534760301
0,40,50,4,n317,n228,4,501,471,47.1,0.8147488534760301
0,40,50,5,n75,n323,3,501,478,47.8,0.8638828706489672
0,40,50,6,n159,n368,3,501,407,40.7,0.8638828706489672
0,40,50,7,n248,n203,4,501,471,47.1,0.8147488534760301
0,40,50,8,n111,n352,5,501,336,33.6,0.7695474295696201
0,40,50,9,n285,n92,3,501,478,47.8,0.8638828706489672
0,40,50,10,n40,n55,3,501,478,47.8,0.8638828706489672
0,40,50,11,n330,n359,4,501,443,44.3,0.8147488534760301
0,40,50,12,n219,n245,4,501,471,47.1,0.8147488534760301
0,40,50,13,n43,n288,4,501,389,38.9,0.8147488534760301
0,40,50,14,n98,n151,2,501,486,48.6,0.9172916227393662
0,40,50,15,n284,n343,5,501,463,46.3,0.7695474295696201
0,40,50,16,n120,n70,2,501,486,48.6,0.9172916227393662
0,40,50,17,n158,n62,4,501,343,34.3,0.8147488534760301
0,40,50,18,n311,n389,3,501,332,33.2,0.8638828706489672
0,40,50,19,n58,n87,4,501,458,45.8,0.8147488534760301
0,40,50,20,n392,n177,5,501,463,46.3,0.7695474295696201
0,40,50,21,n233,n95,4,501,448,44.8,0.8147488534760301
0,40,50,22,n385,n44,3,501,478,47.8,0.8638828706489672
0,40,50,23,n320,n360,3,501,478,47.8,0.8638828706489672
0,40,50,24,n393,n30,3,501,478,47.8,0.8638828706489672
0,40,50,25,n23,n255,3,501,433,43.3,0.8638828706489672
0,40,50,26,n189,n46,3,501,255,25.5,0.8638828706489672
0,40,50,27,n364,n322,5,501,278,27.8,0.7695474295696201
0,40,50,28,n9,n130,4,501,459,45.9,0.8147488534760301
0,40,50,29,n182,n302,4,501,471,47.1,0.8147488534760301
0,40,50,30,n65,n397,4,501,458,45.8,0.8147488534760301
0,40,50,31,n8,n179,4,501,356,35.6,0.8147488534760301
0,40,50,32,n220,n253,4,501,471,47.1,0.8147488534760301
0,40,50,33,n379,n63,4,501,471,47.1,0.8147488534760301
0,40,50,34,n60,n14,4,501,394,39.4,0.8147488534760301
0,40,50,35,n131,n375,3,501,478,47.8,0.8638828706489672
0,40,50,36,n88,n149,3,501,286,28.6,0.8638828706489672
0,40,50,37,n106,n361,3,501,478,47.8,0.8638828706489672
0,40,50,38,n192,n124,4,501,471,47.1,0.8147488534760301
0,40,50,39,n344,n315,3,501,400,40.0,0.8638828706489672
0,40,60,0,n137,n97,3,601,419,41.9,0.8638828706489672
0,40,60,1,n129,n28,3,601,513,51.3,0.8638828706489672
0,40,60,2,n37,n184,3,601,574,57.4,0.8638828706489672
0,40,60,3,n298,n128,4,601,565,56.5,0.8147488534760301
0,40,60,4,n317,n228,4,601,565,56.5,0.8147488534760301
0,40,60,5,n75,n323,3,601,574,57.4,0.8638828706489672
0,40,60,6,n159,n368,3,601,326,32.6,0.8638828706489672
0,40,60,7,n248,n203,4,601,522,52.2,0.8147488534760301
0,40,60,8,n111,n352,5,601,361,36.1,0.7695474295696201
0,40,60,9,n285,n92,3,601,574,57.4,0.8638828706489672
0,40,60,10,n40,n55,3,601,530,53.0,0.8638828706489672
0,40,60,11,n330,n359,4,601,565,56.5,0.8147488534760301
0,40,60,12,n219,n245,4,601,565,56.5,0.8147488534760301
0,40,60,13,n43,n288,4,601,225,22.5,0.8147488534760301
0,40,60,14,n98,n151,2,601,583,58.3,0.9172916227393662
0,40,60,15,n284,n343,5,601,556,55.6,0.7695474295696201
0,40,60,16,n120,n70,2,601,583,58.3,0.9172916227393662
0,40,60,17,n158,n62,4,601,346,34.6,0.8147488534760301
0,40,60,18,n311,n389,3,601,314,31.4,0.8638828706489672
0,40,60,19,n58,n87,4,601,565,56.5,0.8147488534760301
0,40,60,20,n392,n177,5,601,514,51.4,0.7695474295696201
0,40,60,21,n233,n95,4,601,420,42.0,0.8147488534760301
0,40,60,22,n385,n44,3,601,574,57.4,0.8638828706489672
0,40,60,23,n320,n360,3,601,574,57.4,0.8638828706489672
0,40,60,24,n393,n30,3,601,402,40.2,0.8638828706489672
0,40,60,25,n23,n255,3,601,574,57.4,0.8638828706489672
0,40,60,26,n189,n46,3,601,259,25.9,0.8638828706489672
0,40,60,27,n364,n322,5,601,186,18.6,0.7695474295696201
0,40,60,28,n9,n130,4,601,565,56.5,0.8147488534760301
0,40,60,29,n182,n302,4,601,565,56.5,0.8147488534760301
0,40,60,30,n65,n397,4,601,564,56.4,0.8147488534760301
0,40,60,31,n8,n179,4,601,242,24.2,0.8147488534760301
0,40,60,32,n220,n253,4,601,397,39.7,0.8147488534760301
0,40,60,33,n379,n63,4,601,563,56.3,0.8147488534760301
0,40,60,34,n60,n14,4,601,225,22.5,0.8147488534760301
0,40,60,35,n131,n375,3,601,574,57.4,0.8638828706489672
0,40,60,36,n88,n149,3,601,91,9.1,0.8638828706489672
0,40,60,37,n106,n361,3,601,574,57.4,0.8638828706489672
0,40,60,38,n192,n124,4,601,522,52.2,0.8147488534760301
0,40,60,39,n344,n315,3,601,228,22.8,0.8638828706489672
0,40,70,0,n137,n97,3,701,423,42.3,0.8638828706489672
0,40,70,1,n129,n28,3,701,440,44.0,0.8638828706489672
0,40,70,2,n37,n184,3,701,669,66.9,0.8638828706489672
0,40,70,3,n298,n128,4,701,650,65.0,0.8147488534760301
0,40,70,4,n317,n228,4,701,659,65.9,0.8147488534760301
0,40,70,5,n75,n323,3,701,669,66.9,0.8638828706489672
0,40,70,6,n159,n368,3,701,404,40.4,0.8638828706489672
0,40,70,7,n248,n203,4,701,571,57.1,0.8147488534760301
0,40,70,8,n111,n352,5,701,255,25.5,0.7695474295696201
0,40,70,9,n285,n92,3,701,669,66.9,0.8638828706489672
0,40,70,10,n40,n55,3,701,570,57.0,0.8638828706489672
0,40,70,11,n330,n359,4,701,503,50.3,0.8147488534760301
0,40,70,12,n219,n245,4,701,659,65.9,0.8147488534760301
0,40,70,13,n43,n288,4,701,252,25.2,0.8147488534760301
0,40,70,14,n98,n151,2,701,680,68.0,0.9172916227393662
0,40,70,15,n284,n343,5,701,557,55.7,0.7695474295696201
0,40,70,16,n120,n70,2,701,588,58.8,0.9172916227393662
0,40,70,17,n158,n62,4,701,339,33.9,0.8147488534760301
0,40,70,18,n311,n389,3,701,357,35.7,0.8638828706489672
0,40,70,19,n58,n87,4,701,622,62.2,0.8147488534760301
0,40,70,20,n392,n177,5,701,527,52.7,0.7695474295696201
0,40,70,21,n233,n95,4,701,452,45.2,0.8147488534760301
0,40,70,22,n385,n44,3,701,669,66.9,0.8638828706489672
0,40,70,23,n320,n360,3,701,669,66.9,0.8638828706489672
0,40,70,24,n393,n30,3,701,321,32.1,0.8638828706489672
0,40,70,25,n23,n255,3,701,628,62.8,0.8638828706489672
0,40,70,26,n189,n46,3,701,211,21.1,0.8638828706489672
0,40,70,27,n364,n322,5,701,187,18.7,0.7695474295696201
0,40,70,28,n9,n130,4,701,551,55.1,0.8147488534760301
0,40,70,29,n182,n302,4,701,659,65.9,0.8147488534760301
0,40,70,30,n65,n397,4,701,620,62.0,0.8147488534760301
0,40,70,31,n8,n179,4,701,375,37.5,0.8147488534760301
0,40,70,32,n220,n253,4,701,314,31.4,0.8147488534760301
0,40,70,33,n379,n63,4,701,603,60.3,0.8147488534760301
0,40,70,34,n60,n14,4,701,153,15.3,0.8147488534760301
0,40,70,35,n131,n375,3,701,669,66.9,0.8638828706489672
0,40,70,36,n88,n149,3,701,14,1.4,0.8638828706489672
0,40,70,37,n106,n361,3,701,669,66.9,0.8638828706489672
0,40,70,38,n192,n124,4,701,571,57.1,0.8147488534760301
0,40,70,39,n344,n315,3,701,152,15.2,0.8638828706489672
0,40,80,0,n137,n97,3,801,480,48.0,0.8638828706489672
0,40,80,1,n129,n28,3,801,404,40.4,0.8638828706489672
0,40,80,2,n37,n184,3,801,629,62.9,0.8638828706489672
0,40,80,3,n298,n128,4,801,537,53.7,0.8147488534760301
0,40,80,4,n317,n228,4,801,712,71.2,0.8147488534760301
0,40,80,5,n75,n323,3,801,637,63.7,0.8638828706489672
0,40,80,6,n159,n368,3,801,333,33.3,0.8638828706489672
0,40,80,7,n248,n203,4,801,598,59.8,0.8147488534760301
0,40,80,8,n111,n352,5,801,290,29.0,0.7695474295696201
0,40,80,9,n285,n92,3,801,765,76.5,0.8638828706489672
0,40,80,10,n40,n55,3,801,653,65.3,0.8638828706489672
0,40,80,11,n330,n359,4,801,368,36.8,0.8147488534760301
0,40,80,12,n219,n245,4,801,712,71.2,0.8147488534760301
0,40,80,13,n43,n288,4,801,305,30.5,0.8147488534760301
0,40,80,14,n98,n151,2,801,777,77.7,0.9172916227393662
0,40,80,15,n284,n343,5,801,524,52.4,0.7695474295696201
0,40,80,16,n120,n70,2,801,586,58.6,0.9172916227393662
0,40,80,17,n158,n62,4,801,398,39.8,0.8147488534760301
0,40,80,18,n311,n389,3,801,272,27.2,0.8638828706489672
0,40,80,19,n58,n87,4,801,558,55.8,0.8147488534760301
0,40,80,20,n392,n177,5,801,489,48.9,0.7695474295696201
0,40,80,21,n233,n95,4,801,490,49.0,0.8147488534760301
0,40,80,22,n385,n44,3,801,765,76.5,0.8638828706489672
0,40,80,23,n320,n360,3,801,765,76.5,0.8638828706489672
0,40,80,24,n393,n30,3,801,390,39.0,0.8638828706489672
0,40,80,25,n23,n255,3,801,633,63.3,0.8638828706489672
0,40,80,26,n189,n46,3,801,277,27.7,0.8638828706489672
0,40,80,27,n364,n322,5,801,248,24.8,0.7695474295696201
0,40,80,28,n9,n130,4,801,476,47.6,0.8147488534760301
0,40,80,29,n182,n302,4,801,713,71.3,0.8147488534760301
0,40,80,30,n65,n397,4,801,576,57.6,0.8147488534760301
0,40,80,31,n8,n179,4,801,297,29.7,0.8147488534760301
0,40,80,32,n220,n253,4,801,367,36.7,0.8147488534760301
0,40,80,33,n379,n63,4,801,663,66.3,0.8147488534760301
0,40,80,34,n60,n14,4,801,229,22.9,0.8147488534760301
0,40,80,35,n131,n375,3,801,765,76.5,0.8638828706489672
0,40,80,36,n88,n149,3,801,114,11.4,0.8638828706489672
0,40,80,37,n106,n361,3,801,765,76.5,0.8638828706489672
0,40,80,38,n192,n124,4,801,572,57.2,0.8147488534760301
0,40,80,39,n344,n315,3,801,263,26.3,0.8638828706489672
0,40,90,0,n137,n97,3,901,459,45.9,0.8638828706489672
0,40,90,1,n129,n28,3,901,398,39.8,0.8638828706489672
0,40,90,2,n37,n184,3,901,815,81.5,0.8638828706489672
0,40,90,3,n298,n128,4,901,675,67.5,0.8147488534760301
0,40,90,4,n317,n228,4,901,721,72.1,0.8147488534760301
0,40,90,5,n75,n323,3,901,815,81.5,0.8638828706489672
0,40,90,6,n159,n368,3,901,326,32.6,0.8638828706489672
0,40,90,7,n248,n203,4,901,570,57.0,0.8147488534760301
0,40,90,8,n111,n352,5,901,283,28.3,0.7695474295696201
0,40,90,9,n285,n92,3,901,812,81.2,0.8638828706489672
0,40,90,10,n40,n55,3,901,592,59.2,0.8638828706489672
0,40,90,11,n330,n359,4,901,494,49.4,0.8147488534760301
0,40,90,12,n219,n245,4,901,721,72.1,0.8147488534760301
0,40,90,13,n43,n288,4,901,185,18.5,0.8147488534760301
0,40,90,14,n98,n151,2,901,874,87.4,0.9172916227393662
0,40,90,15,n284,n343,5,901,530,53.0,0.7695474295696201
0,40,90,16,n120,n70,2,901,595,59.5,0.9172916227393662
0,40,90,17,n158,n62,4,901,358,35.8,0.8147488534760301
0,40,90,18,n311,n389,3,901,203,20.3,0.8638828706489672
0,40,90,19,n58,n87,4,901,683,68.3,0.8147488534760301
0,40,90,20,n392,n177,5,901,485,48.5,0.7695474295696201
0,40,90,21,n233,n95,4,901,434,43.4,0.8147488534760301
0,40,90,22,n385,n44,3,901,800,80.0,0.8638828706489672
0,40,90,23,n320,n360,3,901,860,86.0,0.8638828706489672
0,40,90,24,n393,n30,3,901,159,15.9,0.8638828706489672
0,40,90,25,n23,n255,3,901,765,76.5,0.8638828706489672
0,40,90,26,n189,n46,3,901,230,23.0,0.8638828706489672
0,40,90,27,n364,n322,5,901,202,20.2,0.7695474295696201
0,40,90,28,n9,n130,4,901,567,56.7,0.8147488534760301
0,40,90,29,n182,n302,4,901,721,72.1,0.8147488534760301
0,40,90,30,n65,n397,4,901,681,68.1,0.8147488534760301
0,40,90,31,n8,n179,4,901,341,34.1,0.8147488534760301
0,40,90,32,n220,n253,4,901,154,15.4,0.8147488534760301
0,40,90,33,n379,n63,4,901,648,64.8,0.8147488534760301
0,40,90,34,n60,n14,4,901,64,6.4,0.8147488534760301
0,40,90,35,n131,n375,3,901,860,86.0,0.8638828706489672
0,40,90,36,n88,n149,3,901,14,1.4,0.8638828706489671
0,40,90,37,n106,n361,3,901,860,86.0,0.8638828706489672
0,40,90,38,n192,n124,4,901,573,57.3,0.8147488534760301
0,40,90,39,n344,n315,3,901,62,6.2,0.8638828706489672
0,40,100,0,n137,n97,3,1001,511,51.1,0.8638828706489672
0,40,100,1,n129,n28,3,1001,311,31.1,0.8638828706489672
0,40,100,2,n37,n184,3,1001,697,69.7,0.8638828706489672
0,40,100,3,n298,n128,4,1001,618,61.8,0.8147488534760301
0,40,100,4,n317,n228,4,1001,717,71.7,0.8147488534760301
0,40,100,5,n75,n323,3,1001,716,71.6,0.8638828706489672
0,40,100,6,n159,n368,3,1001,308,30.8,0.8638828706489672
0,40,100,7,n248,n203,4,1001,598,59.8,0.8147488534760301
0,40,100,8,n111,n352,5,1001,261,26.1,0.7695474295696201
0,40,100,9,n285,n92,3,1001,924,92.4,0.8638828706489672
0,40,100,10,n40,n55,3,1001,714,71.4,0.8638828706489672
0,40,100,11,n330,n359,4,1001,309,30.9,0.8147488534760301
0,40,100,12,n219,n245,4,1001,717,71.7,0.8147488534760301
0,40,100,13,n43,n288,4,1001,298,29.8,0.8147488534760301
0,40,100,14,n98,n151,2,1001,971,97.1,0.9172916227393662
0,40,100,15,n284,n343,5,1001,503,50.3,0.7695474295696201
0,40,100,16,n120,n70,2,1001,638,63.8,0.9172916227393662
0,40,100,17,n158,n62,4,1001,425,42.5,0.8147488534760301
0,40,100,18,n311,n389,3,1001,279,27.9,0.8638828706489672
0,40,100,19,n58,n87,4,1001,603,60.3,0.8147488534760301
0,40,100,20,n392,n177,5,1001,474,47.4,0.7695474295696201
0,40,100,21,n233,n95,4,1001,500,50.0,0.8147488534760301
0,40,100,22,n385,n44,3,1001,909,90.9,0.8638828706489672
0,40,100,23,n320,n360,3,1001,938,93.8,0.8638828706489672
0,40,100,24,n393,n30,3,1001,316,31.6,0.8638828706489672
0,40,100,25,n23,n255,3,1001,692,69.2,0.8638828706489672
0,40,100,26,n189,n46,3,1001,244,24.4,0.8638828706489672
0,40,100,27,n364,n322,5,1001,265,26.5,0.7695474295696201
0,40,100,28,n9,n130,4,1001,442,44.2,0.8147488534760301
0,40,100,29,n182,n302,4,1001,717,71.7,0.8147488534760301
0,40,100,30,n65,n397,4,1001,581,58.1,0.8147488534760301
0,40,100,31,n8,n179,4,1001,262,26.2,0.8147488534760301
0,40,100,32,n220,n253,4,1001,285,28.5,0.8147488534760301
0,40,100,33,n379,n63,4,1001,661,66.1,0.8147488534760301
0,40,100,34,n60,n14,4,1001,217,21.7,0.8147488534760301
0,40,100,35,n131,n375,3,1001,938,93.8,0.8638828706489672
0,40,100,36,n88,n149,3,1001,42,4.2,0.8638828706489672
0,40,100,37,n106,n361,3,1001,938,93.8,0.8638828706489672
0,40,100,38,n192,n124,4,1001,531,53.1,0.8147488534760301
0,40,100,39,n344,n315,3,1001,192,19.2,0.8638828706489672
1,10,10,0,n266,n180,5,101,93,9.3,0.7695474295696201
1,10,10,1,n350,n332,4,101,95,9.5,0.8147488534760301
1,10,10,2,n60,n345,5,101,93,9.3,0.7695474295696201
1,10,10,3,n249,n255,4,101,95,9.5,0.8147488534760301
1,10,10,4,n173,n52,4,101,95,9.5,0.8147488534760301
1,10,10,5,n294,n225,3,101,96,9.6,0.8638828706489672
1,10,10,6,n268,n372,3,101,96,9.6,0.8638828706489672
1,10,10,7,n220,n323,3,101,96,9.6,0.8638828706489672
1,10,10,8,n371,n302,2,101,98,9.8,0.9172916227393662
1,10,10,9,n58,n100,4,101,95,9.5,0.8147488534760301
1,10,20,0,n266,n180,5,201,186,18.6,0.7695474295696201
1,10,20,1,n350,n332,4,201,189,18.9,0.8147488534760301
1,10,20,2,n60,n345,5,201,186,18.6,0.7695474295696201
1,10,20,3,n249,n255,4,201,189,18.9,0.8147488534760301
1,10,20,4,n173,n52,4,201,189,18.9,0.8147488534760301
1,10,20,5,n294,n225,3,201,192,19.2,0.8638828706489672
1,10,20,6,n268,n372,3,201,192,19.2,0.8638828706489672
1,10,20,7,n220,n323,3,201,192,19.2,0.8638828706489672
1,10,20,8,n371,n302,2,201,195,19.5,0.9172916227393662
1,10,20,9,n58,n100,4,201,189,18.9,0.8147488534760301
1,10,30,0,n266,n180,5,301,278,27.8,0.7695474295696201
1,10,30,1,n350,n332,4,301,283,28.3,0.8147488534760301
1,10,30,2,n60,n345,5,301,278,27.8,0.7695474295696201
1,10,30,3,n249,n255,4,301,283,28.3,0.8147488534760301
1,10,30,4,n173,n52,4,301,283,28.3,0.8147488534760301
1,10,30,5,n294,n225,3,301,287,28.7,0.8638828706489672
1,10,30,6,n268,n372,3,301,287,28.7,0.8638828706489672
1,10,30,7,n220,n323,3,301,287,28.7,0.8638828706489672
1,10,30,8,n371,n302,2,301,292,29.2,0.9172916227393662
1,10,30,9,n58,n100,4,301,283,28.3,0.8147488534760301
1,10,40,0,n266,n180,5,401,371,37.1,0.7695474295696201
1,10,40,1,n350,n332,4,401,377,37.7,0.8147488534760301
1,10,40,2,n60,n345,5,401,371,37.1,0.7695474295696201
1,10,40,3,n249,n255,4,401,377,37.7,0.8147488534760301
1,10,40,4,n173,n52,4,401,377,37.7,0.8147488534760301
1,10,40,5,n294,n225,3,401,383,38.3,0.8638828706489672
1,10,40,6,n268,n372,3,401,383,38.3,0.8638828706489672
1,10,40,7,n220,n323,3,401,383,38.3,0.8638828706489672
1,10,40,8,n371,n302,2,401,389,38.9,0.9172916227393662
1,10,40,9,n58,n100,4,401,377,37.7,0.8147488534760301
1,10,50,0,n266,n180,5,501,463,46.3,0.7695474295696201
1,10,50,1,n350,n332,4,501,471,47.1,0.8147488534760301
1,10,50,2,n60,n345,5,501,463,46.3,0.7695474295696201
1,10,50,3,n249,n255,4,501,471,47.1,0.8147488534760301
1,10,50,4,n173,n52,4,501,471,47.1,0.8147488534760301
1,10,50,5,n294,n225,3,501,478,47.8,0.8638828706489672
1,10,50,6,n268,n372,3,501,478,47.8,0.8638828706489672
1,10,50,7,n220,n323,3,501,478,47.8,0.8638828706489672
1,10,50,8,n371,n302,2,501,486,48.6,0.9172916227393662
1,10,50,9,n58,n100,4,501,471,47.1,0.8147488534760301
1,10,60,0,n266,n180,5,601,514,51.4,0.7695474295696201
1,10,60,1,n350,n332,4,601,565,56.5,0.8147488534760301
1,10,60,2,n60,n345,5,601,556,55.6,0.7695474295696201
1,10,60,3,n249,n255,4,601,565,56.5,0.8147488534760301
1,10,60,4,n173,n52,4,601,565,56.5,0.8147488534760301
1,10,60,5,n294,n225,3,601,574,57.4,0.8638828706489672
1,10,60,6,n268,n372,3,601,574,57.4,0.8638828706489672
1,10,60,7,n220,n323,3,601,574,57.4,0.8638828706489672
1,10,60,8,n371,n302,2,601,583,58.3,0.9172916227393662
1,10,60,9,n58,n100,4,601,565,56.5,0.8147488534760301
1,10,70,0,n266,n180,5,701,527,52.7,0.7695474295696201
1,10,70,1,n350,n332,4,701,659,65.9,0.8147488534760301
1,10,70,2,n60,n345,5,701,571,57.1,0.7695474295696201
1,10,70,3,n249,n255,4,701,659,65.9,0.8147488534760301
1,10,70,4,n173,n52,4,701,659,65.9,0.8147488534760301
1,10,70,5,n294,n225,3,701,577,57.7,0.8638828706489672
1,10,70,6,n268,n372,3,701,669,66.9,0.8638828706489672
1,10,70,7,n220,n323,3,701,669,66.9,0.8638828706489672
1,10,70,8,n371,n302,2,701,680,68.0,0.9172916227393662
1,10,70,9,n58,n100,4,701,659,65.9,0.8147488534760301
1,10,80,0,n266,n180,5,801,496,49.6,0.7695474295696201
1,10,80,1,n350,n332,4,801,711,71.1,0.8147488534760301
1,10,80,2,n60,n345,5,801,576,57.6,0.7695474295696201
1,10,80,3,n249,n255,4,801,711,71.1,0.8147488534760301
1,10,80,4,n173,n52,4,801,711,71.1,0.8147488534760301
1,10,80,5,n294,n225,3,801,628,62.8,0.8638828706489672
1,10,80,6,n268,n372,3,801,765,76.5,0.8638828706489672
1,10,80,7,n220,n323,3,801,765,76.5,0.8638828706489672
1,10,80,8,n371,n302,2,801,777,77.7,0.9172916227393662
1,10,80,9,n58,n100,4,801,711,71.1,0.8147488534760301
1,10,90,0,n266,n180,5,901,500,50.0,0.7695474295696201
1,10,90,1,n350,n332,4,901,721,72.1,0.8147488534760301
1,10,90,2,n60,n345,5,901,580,58.0,0.7695474295696201
1,10,90,3,n249,n255,4,901,721,72.1,0.8147488534760301
1,10,90,4,n173,n52,4,901,721,72.1,0.8147488534760301
1,10,90,5,n294,n225,3,901,593,59.3,0.8638828706489672
1,10,90,6,n268,n372,3,901,860,86.0,0.8638828706489672
1,10,90,7,n220,n323,3,901,860,86.0,0.8638828706489672
1,10,90,8,n371,n302,2,901,874,87.4,0.9172916227393662
1,10,90,9,n58,n100,4,901,721,72.1,0.8147488534760301
1,10,100,0,n266,n180,5,1001,444,44.4,0.7695474295696201
1,10,100,1,n350,n332,4,1001,717,71.7,0.8147488534760301
1,10,100,2,n60,n345,5,1001,585,58.5,0.7695474295696201
1,10,100,3,n249,n255,4,1001,717,71.7,0.8147488534760301
1,10,100,4,n173,n52,4,1001,717,71.7,0.8147488534760301
1,10,100,5,n294,n225,3,1001,704,70.4,0.8638828706489672
1,10,100,6,n268,n372,3,1001,938,93.8,0.8638828706489672
1,10,100,7,n220,n323,3,1001,938,93.8,0.8638828706489672
1,10,100,8,n371,n302,2,1001,971,97.1,0.9172916227393662
1,10,100,9,n58,n100,4,1001,717,71.7,0.8147488534760301
1,20,10,0,n266,n180,5,101,93,9.3,0.7695474295696201
1,20,10,1,n350,n332,4,101,95,9.5,0.8147488534760301
1,20,10,2,n60,n345,5,101,93,9.3,0.7695474295696201
1,20,10,3,n249,n255,4,101,95,9.5,0.8147488534760301
1,20,10,4,n173,n52,4,101,95,9.5,0.8147488534760301
1,20,10,5,n294,n225,3,101,96,9.6,0.8638828706489672
1,20,10,6,n268,n372,3,101,96,9.6,0.8638828706489672
1,20,10,7,n220,n323,3,101,96,9.6,0.8638828706489672
1,20,10,8,n371,n302,2,101,98,9.8,0.9172916227393662
1,20,10,9,n58,n100,4,101,95,9.5,0.8147488534760301
1,20,10,10,n379,n373,4,101,95,9.5,0.8147488534760301
1,20,10,11,n168,n279,3,101,96,9.6,0.8638828706489672
1,20,10,12,n287,n175,3,101,96,9.6,0.8638828706489672
1,20,10,13,n127,n57,4,101,95,9.5,0.8147488534760301
1,20,10,14,n78,n232,4,101,95,9.5,0.8147488534760301
1,20,10,15,n201,n45,4,101,95,9.5,0.8147488534760301
1,20,10,16,n353,n28,4,101,95,9.5,0.8147488534760301
1,20,10,17,n116,n288,4,101,95,9.5,0.8147488534760301
1,20,10,18,n196,n197,4,101,95,9.5,0.8147488534760301
1,20,10,19,n241,n355,3,101,96,9.6,0.8638828706489672
1,20,20,0,n266,n180,5,201,186,18.6,0.7695474295696201
1,20,20,1,n350,n332,4,201,189,18.9,0.8147488534760301
1,20,20,2,n60,n345,5,201,186,18.6,0.7695474295696201
1,20,20,3,n249,n255,4,201,189,18.9,0.8147488534760301
1,20,20,4,n173,n52,4,201,189,18.9,0.8147488534760301
1,20,20,5,n294,n225,3,201,192,19.2,0.8638828706489672
1,20,20,6,n268,n372,3,201,192,19.2,0.8638828706489672
1,20,20,7,n220,n323,3,201,192,19.2,0.8638828706489672
1,20,20,8,n371,n302,2,201,195,19.5,0.9172916227393662
1,20,20,9,n58,n100,4,201,189,18.9,0.8147488534760301
1,20,20,10,n379,n373,4,201,189,18.9,0.8147488534760301
1,20,20,11,n168,n279,3,201,192,19.2,0.8638828706489672
1,20,20,12,n287,n175,3,201,192,19.2,0.8638828706489672
1,20,20,13,n127,n57,4,201,189,18.9,0.8147488534760301
1,20,20,14,n78,n232,4,201,189,18.9,0.8147488534760301
1,20,20,15,n201,n45,4,201,189,18.9,0.8147488534760301
1,20,20,16,n353,n28,4,201,189,18.9,0.8147488534760301
1,20,20,17,n116,n288,4,201,189,18.9,0.8147488534760301
1,20,20,18,n196,n197,4,201,189,18.9,0.8147488534760301
1,20,20,19,n241,n355,3,201,192,19.2,0.8638828706489672
1,20,30,0,n266,n180,5,301,278,27.8,0.7695474295696201
1,20,30,1,n350,n332,4,301,283,28.3,0.8147488534760301
1,20,30,2,n60,n345,5,301,278,27.8,0.7695474295696201
1,20,30,3,n249,n255,4,301,283,28.3,0.8147488534760301
1,20,30,4,n173,n52,4,301,283,28.3,0.8147488534760301
1,20,30,5,n294,n225,3,301,287,28.7,0.8638828706489672
1,20,30,6,n268,n372,3,301,287,28.7,0.8638828706489672
1,20,30,7,n220,n323,3,301,287,28.7,0.8638828706489672
1,20,30,8,n371,n302,2,301,292,29.2,0.9172916227393662
1,20,30,9,n58,n100,4,301,283,28.3,0.8147488534760301
1,20,30,10,n379,n373,4,301,283,28.3,0.8147488534760301
1,20,30,11,n168,n279,3,301,287,28.7,0.8638828706489672
1,20,30,12,n287,n175,3,301,287,28.7,0.8638828706489672
1,20,30,13,n127,n57,4,301,283,28.3,0.8147488534760301
1,20,30,14,n78,n232,4,301,283,28.3,0.8147488534760301
1,20,30,15,n201,n45,4,301,283,28.3,0.8147488534760301
1,20,30,16,n353,n28,4,301,283,28.3,0.8147488534760301
1,20,30,17,n116,n288,4,301,283,28.3,0.8147488534760301
1,20,30,18,n196,n197,4,301,283,28.3,0.8147488534760301
1,20,30,19,n241,n355,3,301,287,28.7,0.8638828706489672
1,20,40,0,n266,n180,5,401,357,35.7,0.7695474295696201
1,20,40,1,n350,n332,4,401,377,37.7,0.8147488534760301
1,20,40,2,n60,n345,5,401,371,37.1,0.7695474295696201
1,20,40,3,n249,n255,4,401,377,37.7,0.8147488534760301
1,20,40,4,n173,n52,4,401,377,37.7,0.8147488534760301
1,20,40,5,n294,n225,3,401,371,37.1,0.8638828706489672
1,20,40,6,n268,n372,3,401,383,38.3,0.8638828706489672
1,20,40,7,n220,n323,3,401,383,38.3,0.8638828706489672
1,20,40,8,n371,n302,2,401,389,38.9,0.9172916227393662
1,20,40,9,n58,n100,4,401,377,37.7,0.8147488534760301
1,20,40,10,n379,n373,4,401,377,37.7,0.8147488534760301
1,20,40,11,n168,n279,3,401,383,38.3,0.8638828706489672
1,20,40,12,n287,n175,3,401,383,38.3,0.8638828706489672
1,20,40,13,n127,n57,4,401,357,35.7,0.8147488534760301
1,20,40,14,n78,n232,4,401,377,37.7,0.8147488534760301
1,20,40,15,n201,n45,4,401,377,37.7,0.8147488534760301
1,20,40,16,n353,n28,4,401,377,37.7,0.8147488534760301
1,20,40,17,n116,n288,4,401,377,37.7,0.8147488534760301
1,20,40,18,n196,n197,4,401,377,37.7,0.8147488534760301
1,20,40,19,n241,n355,3,401,383,38.3,0.8638828706489672
1,20,50,0,n266,n180,5,501,392,39.2,0.7695474295696201
1,20,50,1,n350,n332,4,501,471,47.1,0.8147488534760301
1,20,50,2,n60,n345,5,501,463,46.3,0.7695474295696201
1,20,50,3,n249,n255,4,501,471,47.1,0.8147488534760301
1,20,50,4,n173,n52,4,501,471,47.1,0.8147488534760301
1,20,50,5,n294,n225,3,501,386,38.6,0.8638828706489672
1,20,50,6,n268,n372,3,501,478,47.8,0.8638828706489672
1,20,50,7,n220,n323,3,501,478,47.8,0.8638828706489672
1,20,50,8,n371,n302,2,501,486,48.6,0.9172916227393662
1,20,50,9,n58,n100,4,501,471,47.1,0.8147488534760301
1,20,50,10,n379,n373,4,501,471,47.1,0.8147488534760301
1,20,50,11,n168,n279,3,501,478,47.8,0.8638828706489672
1,20,50,12,n287,n175,3,501,456,45.6,0.8638828706489672
1,20,50,13,n127,n57,4,501,362,36.2,0.8147488534760301
1,20,50,14,n78,n232,4,501,471,47.1,0.8147488534760301
1,20,50,15,n201,n45,4,501,471,47.1,0.8147488534760301
1,20,50,16,n353,n28,4,501,471,47.1,0.8147488534760301
1,20,50,17,n116,n288,4,501,471,47.1,0.8147488534760301
1,20,50,18,n196,n197,4,501,471,47.1,0.8147488534760301
1,20,50,19,n241,n355,3,501,478,47.8,0.8638828706489672
1,20,60,0,n266,n180,5,601,146,14.6,0.7695474295696201
1,20,60,1,n350,n332,4,601,565,56.5,0.8147488534760301
1,20,60,2,n60,n345,5,601,556,55.6,0.7695474295696201
1,20,60,3,n249,n255,4,601,565,56.5,0.8147488534760301
1,20,60,4,n173,n52,4,601,565,56.5,0.8147488534760301
1,20,60,5,n294,n225,3,601,508,50.8,0.8638828706489672
1,20,60,6,n268,n372,3,601,574,57.4,0.8638828706489672
1,20,60,7,n220,n323,3,601,574,57.4,0.8638828706489672
1,20,60,8,n371,n302,2,601,583,58.3,0.9172916227393662
1,20,60,9,n58,n100,4,601,565,56.5,0.8147488534760301
1,20,60,10,n379,n373,4,601,565,56.5,0.8147488534760301
1,20,60,11,n168,n279,3,601,574,57.4,0.8638828706489672
1,20,60,12,n287,n175,3,601,357,35.7,0.8638828706489672
1,20,60,13,n127,n57,4,601,440,44.0,0.8147488534760301
1,20,60,14,n78,n232,4,601,565,56.5,0.8147488534760301
1,20,60,15,n201,n45,4,601,565,56.5,0.8147488534760301
1,20,60,16,n353,n28,4,601,541,54.1,0.8147488534760301
1,20,60,17,n116,n288,4,601,397,39.7,0.8147488534760301
1,20,60,18,n196,n197,4,601,522,52.2,0.8147488534760301
1,20,60,19,n241,n355,3,601,574,57.4,0.8638828706489672
1,20,70,0,n266,n180,5,701,361,36.1,0.7695474295696201
1,20,70,1,n350,n332,4,701,659,65.9,0.8147488534760301
1,20,70,2,n60,n345,5,701,571,57.1,0.7695474295696201
1,20,70,3,n249,n255,4,701,659,65.9,0.8147488534760301
1,20,70,4,n173,n52,4,701,659,65.9,0.8147488534760301
1,20,70,5,n294,n225,3,701,396,39.6,0.8638828706489672
1,20,70,6,n268,n372,3,701,669,66.9,0.8638828706489672
1,20,70,7,n220,n323,3,701,669,66.9,0.8638828706489672
1,20,70,8,n371,n302,2,701,680,68.0,0.9172916227393662
1,20,70,9,n58,n100,4,701,571,57.1,0.8147488534760301
1,20,70,10,n379,n373,4,701,659,65.9,0.8147488534760301
1,20,70,11,n168,n279,3,701,669,66.9,0.8638828706489672
1,20,70,12,n287,n175,3,701,431,43.1,0.8638828706489672
1,20,70,13,n127,n57,4,701,352,35.2,0.8147488534760301
1,20,70,14,n78,n232,4,701,659,65.9,0.8147488534760301
1,20,70,15,n201,n45,4,701,659,65.9,0.8147488534760301
1,20,70,16,n353,n28,4,701,552,55.2,0.8147488534760301
1,20,70,17,n116,n288,4,701,317,31.7,0.8147488534760301
1,20,70,18,n196,n197,4,701,571,57.1,0.8147488534760301
1,20,70,19,n241,n355,3,701,669,66.9,0.8638828706489672
1,20,80,0,n266,n180,5,801,371,37.1,0.7695474295696201
1,20,80,1,n350,n332,4,801,711,71.1,0.8147488534760301
1,20,80,2,n60,n345,5,801,576,57.6,0.7695474295696201
1,20,80,3,n249,n255,4,801,711,71.1,0.8147488534760301
1,20,80,4,n173,n52,4,801,711,71.1,0.8147488534760301
1,20,80,5,n294,n225,3,801,444,44.4,0.8638828706489672
1,20,80,6,n268,n372,3,801,765,76.5,0.8638828706489672
1,20,80,7,n220,n323,3,801,646,64.6,0.8638828706489672
1,20,80,8,n371,n302,2,801,777,77.7,0.9172916227393662
1,20,80,9,n58,n100,4,801,580,58.0,0.8147488534760301
1,20,80,10,n379,n373,4,801,711,71.1,0.8147488534760301
1,20,80,11,n168,n279,3,801,765,76.5,0.8638828706489672
1,20,80,12,n287,n175,3,801,431,43.1,0.8638828706489672
1,20,80,13,n127,n57,4,801,330,33.0,0.8147488534760301
1,20,80,14,n78,n232,4,801,711,71.1,0.8147488534760301
1,20,80,15,n201,n45,4,801,711,71.1,0.8147488534760301
1,20,80,16,n353,n28,4,801,579,57.9,0.8147488534760301
1,20,80,17,n116,n288,4,801,360,36.0,0.8147488534760301
1,20,80,18,n196,n197,4,801,560,56.0,0.8147488534760301
1,20,80,19,n241,n355,3,801,765,76.5,0.8638828706489672
1,20,90,0,n266,n180,5,901,305,30.5,0.7695474295696201
1,20,90,1,n350,n332,4,901,721,72.1,0.8147488534760301
1,20,90,2,n60,n345,5,901,580,58.0,0.7695474295696201
1,20,90,3,n249,n255,4,901,721,72.1,0.8147488534760301
1,20,90,4,n173,n52,4,901,721,72.1,0.8147488534760301
1,20,90,5,n294,n225,3,901,480,48.0,0.8638828706489672
1,20,90,6,n268,n372,3,901,860,86.0,0.8638828706489672
1,20,90,7,n220,n323,3,901,815,81.5,0.8638828706489672
1,20,90,8,n371,n302,2,901,874,87.4,0.9172916227393662
1,20,90,9,n58,n100,4,901,585,58.5,0.8147488534760301
1,20,90,10,n379,n373,4,901,721,72.1,0.8147488534760301
1,20,90,11,n168,n279,3,901,860,86.0,0.8638828706489672
1,20,90,12,n287,n175,3,901,390,39.0,0.8638828706489672
1,20,90,13,n127,n57,4,901,349,34.9,0.8147488534760301
1,20,90,14,n78,n232,4,901,721,72.1,0.8147488534760301
1,20,90,15,n201,n45,4,901,721,72.1,0.8147488534760301
1,20,90,16,n353,n28,4,901,550,55.0,0.8147488534760301
1,20,90,17,n116,n288,4,901,157,15.7,0.8147488534760301
1,20,90,18,n196,n197,4,901,557,55.7,0.8147488534760301
1,20,90,19,n241,n355,3,901,860,86.0,0.8638828706489672
1,20,100,0,n266,n180,5,1001,290,29.0,0.7695474295696201
1,20,100,1,n350,n332,4,1001,717,71.7,0.8147488534760301
1,20,100,2,n60,n345,5,1001,585,58.5,0.7695474295696201
1,20,100,3,n249,n255,4,1001,717,71.7,0.8147488534760301
1,20,100,4,n173,n52,4,1001,717,71.7,0.8147488534760301
1,20,100,5,n294,n225,3,1001,522,52.2,0.8638828706489672
1,20,100,6,n268,n372,3,1001,938,93.8,0.8638828706489672
1,20,100,7,n220,n323,3,1001,735,73.5,0.8638828706489672
1,20,100,8,n371,n302,2,1001,971,97.1,0.9172916227393662
1,20,100,9,n58,n100,4,1001,599,59.9,0.8147488534760301
1,20,100,10,n379,n373,4,1001,717,71.7,0.8147488534760301
1,20,100,11,n168,n279,3,1001,938,93.8,0.8638828706489672
1,20,100,12,n287,n175,3,1001,399,39.9,0.8638828706489672
1,20,100,13,n127,n57,4,1001,343,34.3,0.8147488534760301
1,20,100,14,n78,n232,4,1001,717,71.7,0.8147488534760301
1,20,100,15,n201,n45,4,1001,717,71.7,0.8147488534760301
1,20,100,16,n353,n28,4,1001,559,55.9,0.8147488534760301
1,20,100,17,n116,n288,4,1001,260,26.0,0.8147488534760301
1,20,100,18,n196,n197,4,1001,539,53.9,0.8147488534760301
1,20,100,19,n241,n355,3,1001,938,93.8,0.8638828706489672
1,30,10,0,n266,n180,5,101,93,9.3,0.7695474295696201
1,30,10,1,n350,n332,4,101,95,9.5,0.8147488534760301
1,30,10,2,n60,n345,5,101,93,9.3,0.7695474295696201
1,30,10,3,n249,n255,4,101,95,9.5,0.8147488534760301
1,30,10,4,n173,n52,4,101,95,9.5,0.8147488534760301
1,30,10,5,n294,n225,3,101,96,9.6,0.8638828706489672
1,30,10,6,n268,n372,3,101,96,9.6,0.8638828706489672
1,30,10,7,n220,n323,3,101,96,9.6,0.8638828706489672
1,30,10,8,n371,n302,2,101,98,9.8,0.9172916227393662
1,30,10,9,n58,n100,4,101,95,9.5,0.8147488534760301
1,30,10,10,n379,n373,4,101,95,9.5,0.8147488534760301
1,30,10,11,n168,n279,3,101,96,9.6,0.8638828706489672
1,30,10,12,n287,n175,3,101,96,9.6,0.8638828706489672
1,30,10,13,n127,n57,4,101,95,9.5,0.8147488534760301
1,30,10,14,n78,n232,4,101,95,9.5,0.8147488534760301
1,30,10,15,n201,n45,4,101,95,9.5,0.8147488534760301
1,30,10,16,n353,n28,4,101,95,9.5,0.8147488534760301
1,30,10,17,n116,n288,4,101,95,9.5,0.8147488534760301
1,30,10,18,n196,n197,4,101,95,9.5,0.8147488534760301
1,30,10,19,n241,n355,3,101,96,9.6,0.8638828706489672
1,30,10,20,n148,n212,3,101,96,9.6,0.8638828706489672
1,30,10,21,n105,n366,4,101,95,9.5,0.8147488534760301
1,30,10,22,n384,n43,3,101,96,9.6,0.8638828706489672
1,30,10,23,n304,n344,4,101,95,9.5,0.8147488534760301
1,30,10,24,n264,n18,3,101,96,9.6,0.8638828706489672
1,30,10,25,n216,n259,4,101,95,9.5,0.8147488534760301
1,30,10,26,n387,n327,4,101,95,9.5,0.8147488534760301
1,30,10,27,n316,n233,4,101,95,9.5,0.8147488534760301
1,30,10,28,n250,n25,3,101,96,9.6,0.8638828706489672
1,30,10,29,n305,n17,3,101,96,9.6,0.8638828706489672
1,30,20,0,n266,n180,5,201,186,18.6,0.7695474295696201
1,30,20,1,n350,n332,4,201,189,18.9,0.8147488534760301
1,30,20,2,n60,n345,5,201,186,18.6,0.7695474295696201
1,30,20,3,n249,n255,4,201,189,18.9,0.8147488534760301
1,30,20,4,n173,n52,4,201,189,18.9,0.8147488534760301
1,30,20,5,n294,n225,3,201,192,19.2,0.8638828706489672
1,30,20,6,n268,n372,3,201,192,19.2,0.8638828706489672
1,30,20,7,n220,n323,3,201,192,19.2,0.8638828706489672
1,30,20,8,n371,n302,2,201,195,19.5,0.9172916227393662
1,30,20,9,n58,n100,4,201,189,18.9,0.8147488534760301
1,30,20,10,n379,n373,4,201,189,18.9,0.8147488534760301
1,30,20,11,n168,n279,3,201,192,19.2,0.8638828706489672
1,30,20,12,n287,n175,3,201,192,19.2,0.8638828706489672
1,30,20,13,n127,n57,4,201,189,18.9,0.8147488534760301
1,30,20,14,n78,n232,4,201,189,18.9,0.8147488534760301
1,30,20,15,n201,n45,4,201,189,18.9,0.8147488534760301
1,30,20,16,n353,n28,4,201,189,18.9,0.8147488534760301
1,30,20,17,n116,n288,4,201,189,18.9,0.8147488534760301
1,30,20,18,n196,n197,4,201,189,18.9,0.8147488534760301
1,30,20,19,n241,n355,3,201,192,19.2,0.8638828706489672
1,30,20,20,n148,n212,3,201,192,19.2,0.8638828706489672
1,30,20,21,n105,n366,4,201,189,18.9,0.8147488534760301
1,30,20,22,n384,n43,3,201,192,19.2,0.8638828706489672
1,30,20,23,n304,n344,4,201,189,18.9,0.8147488534760301
1,30,20,24,n264,n18,3,201,192,19.2,0.8638828706489672
1,30,20,25,n216,n259,4,201,189,18.9,0.8147488534760301
1,30,20,26,n387,n327,4,201,189,18.9,0.8147488534760301
1,30,20,27,n316,n233,4,201,189,18.9,0.8147488534760301
1,30,20,28,n250,n25,3,201,192,19.2,0.8638828706489672
1,30,20,29,n305,n17,3,201,192,19.2,0.8638828706489672
1,30,30,0,n266,n180,5,301,278,27.8,0.7695474295696201
1,30,30,1,n350,n332,4,301,283,28.3,0.8147488534760301
1,30,30,2,n60,n345,5,301,278,27.8,0.7695474295696201
1,30,30,3,n249,n255,4,301,283,28.3,0.8147488534760301
1,30,30,4,n173,n52,4,301,283,28.3,0.8147488534760301
1,30,30,5,n294,n225,3,301,287,28.7,0.8638828706489672
1,30,30,6,n268,n372,3,301,287,28.7,0.8638828706489672
1,30,30,7,n220,n323,3,301,287,28.7,0.8638828706489672
1,30,30,8,n371,n302,2,301,292,29.2,0.9172916227393662
1,30,30,9,n58,n100,4,301,283,28.3,0.8147488534760301
1,30,30,10,n379,n373,4,301,283,28.3,0.8147488534760301
1,30,30,11,n168,n279,3,301,287,28.7,0.8638828706489672
1,30,30,12,n287,n175,3,301,287,28.7,0.8638828706489672
1,30,30,13,n127,n57,4,301,283,28.3,0.8147488534760301
1,30,30,14,n78,n232,4,301,283,28.3,0.8147488534760301
1,30,30,15,n201,n45,4,301,283,28.3,0.8147488534760301
1,30,30,16,n353,n28,4,301,283,28.3,0.8147488534760301
1,30,30,17,n116,n288,4,301,283,28.3,0.8147488534760301
1,30,30,18,n196,n197,4,301,283,28.3,0.8147488534760301
1,30,30,19,n241,n355,3,301,287,28.7,0.8638828706489672
1,30,30,20,n148,n212,3,301,287,28.7,0.8638828706489672
1,30,30,21,n105,n366,4,301,283,28.3,0.8147488534760301
1,30,30,22,n384,n43,3,301,287,28.7,0.8638828706489672
1,30,30,23,n304,n344,4,301,283,28.3,0.8147488534760301
1,30,30,24,n264,n18,3,301,287,28.7,0.8638828706489672
1,30,30,25,n216,n259,4,301,283,28.3,0.8147488534760301
1,30,30,26,n387,n327,4,301,283,28.3,0.8147488534760301
1,30,30,27,n316,n233,4,301,283,28.3,0.8147488534760301
1,30,30,28,n250,n25,3,301,287,28.7,0.8638828706489672
1,30,30,29,n305,n17,3,301,287,28.7,0.8638828706489672
1,30,40,0,n266,n180,5,401,350,35.0,0.7695474295696201
1,30,40,1,n350,n332,4,401,377,37.7,0.8147488534760301
1,30,40,2,n60,n345,5,401,371,37.1,0.7695474295696201
1,30,40,3,n249,n255,4,401,377,37.7,0.8147488534760301
1,30,40,4,n173,n52,4,401,377,37.7,0.8147488534760301
1,30,40,5,n294,n225,3,401,371,37.1,0.8638828706489672
1,30,40,6,n268,n372,3,401,383,38.3,0.8638828706489672
1,30,40,7,n220,n323,3,401,383,38.3,0.8638828706489672
1,30,40,8,n371,n302,2,401,389,38.9,0.9172916227393662
1,30,40,9,n58,n100,4,401,377,37.7,0.8147488534760301
1,30,40,10,n379,n373,4,401,377,37.7,0.8147488534760301
1,30,40,11,n168,n279,3,401,383,38.3,0.8638828706489672
1,30,40,12,n287,n175,3,401,383,38.3,0.8638828706489672
1,30,40,13,n127,n57,4,401,364,36.4,0.8147488534760301
1,30,40,14,n78,n232,4,401,377,37.7,0.8147488534760301
1,30,40,15,n201,n45,4,401,377,37.7,0.8147488534760301
1,30,40,16,n353,n28,4,401,367,36.7,0.8147488534760301
1,30,40,17,n116,n288,4,401,364,36.4,0.8147488534760301
1,30,40,18,n196,n197,4,401,377,37.7,0.8147488534760301
1,30,40,19,n241,n355,3,401,383,38.3,0.8638828706489672
1,30,40,20,n148,n212,3,401,383,38.3,0.8638828706489672
1,30,40,21,n105,n366,4,401,362,36.2,0.8147488534760301
1,30,40,22,n384,n43,3,401,383,38.3,0.8638828706489672
1,30,40,23,n304,n344,4,401,377,37.7,0.8147488534760301
1,30,40,24,n264,n18,3,401,383,38.3,0.8638828706489672
1,30,40,25,n216,n259,4,401,377,37.7,0.8147488534760301
1,30,40,26,n387,n327,4,401,377,37.7,0.8147488534760301
1,30,40,27,n316,n233,4,401,377,37.7,0.8147488534760301
1,30,40,28,n250,n25,3,401,383,38.3,0.8638828706489672
1,30,40,29,n305,n17,3,401,358,35.8,0.8638828706489672
1,30,50,0,n266,n180,5,501,338,33.8,0.7695474295696201
1,30,50,1,n350,n332,4,501,458,45.8,0.8147488534760301
1,30,50,2,n60,n345,5,501,463,46.3,0.7695474295696201
1,30,50,3,n249,n255,4,501,471,47.1,0.8147488534760301
1,30,50,4,n173,n52,4,501,471,47.1,0.8147488534760301
1,30,50,5,n294,n225,3,501,396,39.6,0.8638828706489672
1,30,50,6,n268,n372,3,501,478,47.8,0.8638828706489672
1,30,50,7,n220,n323,3,501,478,47.8,0.8638828706489672
1,30,50,8,n371,n302,2,501,486,48.6,0.9172916227393662
1,30,50,9,n58,n100,4,501,471,47.1,0.8147488534760301
1,30,50,10,n379,n373,4,501,471,47.1,0.8147488534760301
1,30,50,11,n168,n279,3,501,478,47.8,0.8638828706489672
1,30,50,12,n287,n175,3,501,439,43.9,0.8638828706489672
1,30,50,13,n127,n57,4,501,388,38.8,0.8147488534760301
1,30,50,14,n78,n232,4,501,471,47.1,0.8147488534760301
1,30,50,15,n201,n45,4,501,471,47.1,0.8147488534760301
1,30,50,16,n353,n28,4,501,402,40.2,0.8147488534760301
1,30,50,17,n116,n288,4,501,377,37.7,0.8147488534760301
1,30,50,18,n196,n197,4,501,471,47.1,0.8147488534760301
1,30,50,19,n241,n355,3,501,478,47.8,0.8638828706489672
1,30,50,20,n148,n212,3,501,478,47.8,0.8638828706489672
1,30,50,21,n105,n366,4,501,369,36.9,0.8147488534760301
1,30,50,22,n384,n43,3,501,478,47.8,0.8638828706489672
1,30,50,23,n304,n344,4,501,405,40.5,0.8147488534760301
1,30,50,24,n264,n18,3,501,478,47.8,0.8638828706489672
1,30,50,25,n216,n259,4,501,432,43.2,0.8147488534760301
1,30,50,26,n387,n327,4,501,435,43.5,0.8147488534760301
1,30,50,27,n316,n233,4,501,471,47.1,0.8147488534760301
1,30,50,28,n250,n25,3,501,478,47.8,0.8638828706489672
1,30,50,29,n305,n17,3,501,324,32.4,0.8638828706489672
1,30,60,0,n266,n180,5,601,85,8.5,0.7695474295696201
1,30,60,1,n350,n332,4,601,420,42.0,0.8147488534760301
1,30,60,2,n60,n345,5,601,556,55.6,0.7695474295696201
1,30,60,3,n249,n255,4,601,522,52.2,0.8147488534760301
1,30,60,4,n173,n52,4,601,543,54.3,0.8147488534760301
1,30,60,5,n294,n225,3,601,534,53.4,0.8638828706489672
1,30,60,6,n268,n372,3,601,574,57.4,0.8638828706489672
1,30,60,7,n220,n323,3,601,574,57.4,0.8638828706489672
1,30,60,8,n371,n302,2,601,583,58.3,0.9172916227393662
1,30,60,9,n58,n100,4,601,565,56.5,0.8147488534760301
1,30,60,10,n379,n373,4,601,565,56.5,0.8147488534760301
1,30,60,11,n168,n279,3,601,574,57.4,0.8638828706489672
1,30,60,12,n287,n175,3,601,327,32.7,0.8638828706489672
1,30,60,13,n127,n57,4,601,476,47.6,0.8147488534760301
1,30,60,14,n78,n232,4,601,565,56.5,0.8147488534760301
1,30,60,15,n201,n45,4,601,565,56.5,0.8147488534760301
1,30,60,16,n353,n28,4,601,361,36.1,0.8147488534760301
1,30,60,17,n116,n288,4,601,221,22.1,0.8147488534760301
1,30,60,18,n196,n197,4,601,522,52.2,0.8147488534760301
1,30,60,19,n241,n355,3,601,574,57.4,0.8638828706489672
1,30,60,20,n148,n212,3,601,574,57.4,0.8638828706489672
1,30,60,21,n105,n366,4,601,381,38.1,0.8147488534760301
1,30,60,22,n384,n43,3,601,574,57.4,0.8638828706489672
1,30,60,23,n304,n344,4,601,304,30.4,0.8147488534760301
1,30,60,24,n264,n18,3,601,574,57.4,0.8638828706489672
1,30,60,25,n216,n259,4,601,452,45.2,0.8147488534760301
1,30,60,26,n387,n327,4,601,441,44.1,0.8147488534760301
1,30,60,27,n316,n233,4,601,565,56.5,0.8147488534760301
1,30,60,28,n250,n25,3,601,574,57.4,0.8638828706489672
1,30,60,29,n305,n17,3,601,359,35.9,0.8638828706489672
1,30,70,0,n266,n180,5,701,272,27.2,0.7695474295696201
1,30,70,1,n350,n332,4,701,510,51.0,0.8147488534760301
1,30,70,2,n60,n345,5,701,571,57.1,0.7695474295696201
1,30,70,3,n249,n255,4,701,571,57.1,0.8147488534760301
1,30,70,4,n173,n52,4,701,546,54.6,0.8147488534760301
1,30,70,5,n294,n225,3,701,465,46.5,0.8638828706489672
1,30,70,6,n268,n372,3,701,669,66.9,0.8638828706489672
1,30,70,7,n220,n323,3,701,669,66.9,0.8638828706489672
1,30,70,8,n371,n302,2,701,592,59.2,0.9172916227393662
1,30,70,9,n58,n100,4,701,571,57.1,0.8147488534760301
1,30,70,10,n379,n373,4,701,659,65.9,0.8147488534760301
1,30,70,11,n168,n279,3,701,669,66.9,0.8638828706489672
1,30,70,12,n287,n175,3,701,420,42.0,0.8638828706489672
1,30,70,13,n127,n57,4,701,370,37.0,0.8147488534760301
1,30,70,14,n78,n232,4,701,659,65.9,0.8147488534760301
1,30,70,15,n201,n45,4,701,659,65.9,0.8147488534760301
1,30,70,16,n353,n28,4,701,388,38.8,0.8147488534760301
1,30,70,17,n116,n288,4,701,150,15.0,0.8147488534760301
1,30,70,18,n196,n197,4,701,571,57.1,0.8147488534760301
1,30,70,19,n241,n355,3,701,669,66.9,0.8638828706489672
1,30,70,20,n148,n212,3,701,669,66.9,0.8638828706489672
1,30,70,21,n105,n366,4,701,442,44.2,0.8147488534760301
1,30,70,22,n384,n43,3,701,669,66.9,0.8638828706489672
1,30,70,23,n304,n344,4,701,406,40.6,0.8147488534760301
1,30,70,24,n264,n18,3,701,669,66.9,0.8638828706489672
1,30,70,25,n216,n259,4,701,418,41.8,0.8147488534760301
1,30,70,26,n387,n327,4,701,399,39.9,0.8147488534760301
1,30,70,27,n316,n233,4,701,571,57.1,0.8147488534760301
1,30,70,28,n250,n25,3,701,669,66.9,0.8638828706489672
1,30,70,29,n305,n17,3,701,333,33.3,0.8638828706489672
1,30,80,0,n266,n180,5,801,272,27.2,0.7695474295696201
1,30,80,1,n350,n332,4,801,556,55.6,0.8147488534760301
1,30,80,2,n60,n345,5,801,576,57.6,0.7695474295696201
1,30,80,3,n249,n255,4,801,574,57.4,0.8147488534760301
1,30,80,4,n173,n52,4,801,575,57.5,0.8147488534760301
1,30,80,5,n294,n225,3,801,494,49.4,0.8638828706489672
1,30,80,6,n268,n372,3,801,765,76.5,0.8638828706489672
1,30,80,7,n220,n323,3,801,636,63.6,0.8638828706489672
1,30,80,8,n371,n302,2,801,657,65.7,0.9172916227393662
1,30,80,9,n58,n100,4,801,584,58.4,0.8147488534760301
1,30,80,10,n379,n373,4,801,713,71.3,0.8147488534760301
1,30,80,11,n168,n279,3,801,765,76.5,0.8638828706489672
1,30,80,12,n287,n175,3,801,407,40.7,0.8638828706489672
1,30,80,13,n127,n57,4,801,381,38.1,0.8147488534760301
1,30,80,14,n78,n232,4,801,714,71.4,0.8147488534760301
1,30,80,15,n201,n45,4,801,713,71.3,0.8147488534760301
1,30,80,16,n353,n28,4,801,448,44.8,0.8147488534760301
1,30,80,17,n116,n288,4,801,242,24.2,0.8147488534760301
1,30,80,18,n196,n197,4,801,556,55.6,0.8147488534760301
1,30,80,19,n241,n355,3,801,765,76.5,0.8638828706489672
1,30,80,20,n148,n212,3,801,765,76.5,0.8638828706489672
1,30,80,21,n105,n366,4,801,451,45.1,0.8147488534760301
1,30,80,22,n384,n43,3,801,765,76.5,0.8638828706489672
1,30,80,23,n304,n344,4,801,384,38.4,0.8147488534760301
1,30,80,24,n264,n18,3,801,765,76.5,0.8638828706489672
1,30,80,25,n216,n259,4,801,409,40.9,0.8147488534760301
1,30,80,26,n387,n327,4,801,337,33.7,0.8147488534760301
1,30,80,27,n316,n233,4,801,568,56.8,0.8147488534760301
1,30,80,28,n250,n25,3,801,762,76.2,0.8638828706489672
1,30,80,29,n305,n17,3,801,270,27.0,0.8638828706489672
1,30,90,0,n266,n180,5,901,232,23.2,0.7695474295696201
1,30,90,1,n350,n332,4,901,534,53.4,0.8147488534760301
1,30,90,2,n60,n345,5,901,577,57.7,0.7695474295696201
1,30,90,3,n249,n255,4,901,573,57.3,0.8147488534760301
1,30,90,4,n173,n52,4,901,560,56.0,0.8147488534760301
1,30,90,5,n294,n225,3,901,495,49.5,0.8638828706489672
1,30,90,6,n268,n372,3,901,860,86.0,0.8638828706489672
1,30,90,7,n220,n323,3,901,815,81.5,0.8638828706489672
1,30,90,8,n371,n302,2,901,694,69.4,0.9172916227393662
1,30,90,9,n58,n100,4,901,582,58.2,0.8147488534760301
1,30,90,10,n379,n373,4,901,721,72.1,0.8147488534760301
1,30,90,11,n168,n279,3,901,860,86.0,0.8638828706489672
1,30,90,12,n287,n175,3,901,356,35.6,0.8638828706489672
1,30,90,13,n127,n57,4,901,398,39.8,0.8147488534760301
1,30,90,14,n78,n232,4,901,721,72.1,0.8147488534760301
1,30,90,15,n201,n45,4,901,721,72.1,0.8147488534760301
1,30,90,16,n353,n28,4,901,416,41.6,0.8147488534760301
1,30,90,17,n116,n288,4,901,61,6.1,0.8147488534760301
1,30,90,18,n196,n197,4,901,559,55.9,0.8147488534760301
1,30,90,19,n241,n355,3,901,860,86.0,0.8638828706489672
1,30,90,20,n148,n212,3,901,860,86.0,0.8638828706489672
1,30,90,21,n105,n366,4,901,522,52.2,0.8147488534760301
1,30,90,22,n384,n43,3,901,860,86.0,0.8638828706489672
1,30,90,23,n304,n344,4,901,312,31.2,0.8147488534760301
1,30,90,24,n264,n18,3,901,860,86.0,0.8638828706489672
1,30,90,25,n216,n259,4,901,456,45.6,0.8147488534760301
1,30,90,26,n387,n327,4,901,194,19.4,0.8147488534760301
1,30,90,27,n316,n233,4,901,574,57.4,0.8147488534760301
1,30,90,28,n250,n25,3,901,793,79.3,0.8638828706489672
1,30,90,29,n305,n17,3,901,282,28.2,0.8638828706489672
1,30,100,0,n266,n180,5,1001,231,23.1,0.7695474295696201
1,30,100,1,n350,n332,4,1001,557,55.7,0.8147488534760301
1,30,100,2,n60,n345,5,1001,577,57.7,0.7695474295696201
1,30,100,3,n249,n255,4,1001,554,55.4,0.8147488534760301
1,30,100,4,n173,n52,4,1001,566,56.6,0.8147488534760301
1,30,100,5,n294,n225,3,1001,570,57.0,0.8638828706489672
1,30,100,6,n268,n372,3,1001,939,93.9,0.8638828706489672
1,30,100,7,n220,n323,3,1001,708,70.8,0.8638828706489672
1,30,100,8,n371,n302,2,1001,730,73.0,0.9172916227393662
1,30,100,9,n58,n100,4,1001,579,57.9,0.8147488534760301
1,30,100,10,n379,n373,4,1001,718,71.8,0.8147488534760301
1,30,100,11,n168,n279,3,1001,939,93.9,0.8638828706489672
1,30,100,12,n287,n175,3,1001,407,40.7,0.8638828706489672
1,30,100,13,n127,n57,4,1001,355,35.5,0.8147488534760301
1,30,100,14,n78,n232,4,1001,717,71.7,0.8147488534760301
1,30,100,15,n201,n45,4,1001,718,71.8,0.8147488534760301
1,30,100,16,n353,n28,4,1001,461,46.1,0.8147488534760301
1,30,100,17,n116,n288,4,1001,142,14.2,0.8147488534760301
1,30,100,18,n196,n197,4,1001,556,55.6,0.8147488534760301
1,30,100,19,n241,n355,3,1001,939,93.9,0.8638828706489672
1,30,100,20,n148,n212,3,1001,938,93.8,0.8638828706489672
1,30,100,21,n105,n366,4,1001,455,45.5,0.8147488534760301
1,30,100,22,n384,n43,3,1001,938,93.8,0.8638828706489672
1,30,100,23,n304,n344,4,1001,340,34.0,0.8147488534760301
1,30,100,24,n264,n18,3,1001,939,93.9,0.8638828706489672
1,30,100,25,n216,n259,4,1001,429,42.9,0.8147488534760301
1,30,100,26,n387,n327,4,1001,281,28.1,0.8147488534760301
1,30,100,27,n316,n233,4,1001,595,59.5,0.8147488534760301
1,30,100,28,n250,n25,3,1001,904,90.4,0.8638828706489672
1,30,100,29,n305,n17,3,1001,263,26.3,0.8638828706489672
1,40,10,0,n266,n180,5,101,93,9.3,0.7695474295696201
1,40,10,1,n350,n332,4,101,95,9.5,0.8147488534760301
1,40,10,2,n60,n345,5,101,93,9.3,0.7695474295696201
1,40,10,3,n249,n255,4,101,95,9.5,0.8147488534760301
1,40,10,4,n173,n52,4,101,95,9.5,0.8147488534760301
1,40,10,5,n294,n225,3,101,96,9.6,0.8638828706489672
1,40,10,6,n268,n372,3,101,96,9.6,0.8638828706489672
1,40,10,7,n220,n323,3,101,96,9.6,0.8638828706489672
1,40,10,8,n371,n302,2,101,98,9.8,0.9172916227393662
1,40,10,9,n58,n100,4,101,95,9.5,0.8147488534760301
1,40,10,10,n379,n373,4,101,95,9.5,0.8147488534760301
1,40,10,11,n168,n279,3,101,96,9.6,0.8638828706489672
1,40,10,12,n287,n175,3,101,96,9.6,0.8638828706489672
1,40,10,13,n127,n57,4,101,95,9.5,0.8147488534760301
1,40,10,14,n78,n232,4,101,95,9.5,0.8147488534760301
1,40,10,15,n201,n45,4,101,95,9.5,0.8147488534760301
1,40,10,16,n353,n28,4,101,95,9.5,0.8147488534760301
1,40,10,17,n116,n288,4,101,95,9.5,0.8147488534760301
1,40,10,18,n196,n197,4,101,95,9.5,0.8147488534760301
1,40,10,19,n241,n355,3,101,96,9.6,0.8638828706489672
1,40,10,20,n148,n212,3,101,96,9.6,0.8638828706489672
1,40,10,21,n105,n366,4,101,95,9.5,0.8147488534760301
1,40,10,22,n384,n43,3,101,96,9.6,0.8638828706489672
1,40,10,23,n304,n344,4,101,95,9.5,0.8147488534760301
1,40,10,24,n264,n18,3,101,96,9.6,0.8638828706489672
1,40,10,25,n216,n259,4,101,95,9.5,0.8147488534760301
1,40,10,26,n387,n327,4,101,95,9.5,0.8147488534760301
1,40,10,27,n316,n233,4,101,95,9.5,0.8147488534760301
1,40,10,28,n250,n25,3,101,96,9.6,0.8638828706489672
1,40,10,29,n305,n17,3,101,96,9.6,0.8638828706489672
1,40,10,30,n10,n82,3,101,96,9.6,0.8638828706489672
1,40,10,31,n230,n256,3,101,96,9.6,0.8638828706489672
1,40,10,32,n354,n183,4,101,95,9.5,0.8147488534760301
1,40,10,33,n59,n96,5,101,93,9.3,0.7695474295696201
1,40,10,34,n23,n56,3,101,96,9.6,0.8638828706489672
1,40,10,35,n124,n113,2,101,98,9.8,0.9172916227393662
1,40,10,36,n217,n32,3,101,96,9.6,0.8638828706489672
1,40,10,37,n254,n336,5,101,93,9.3,0.7695474295696201
1,40,10,38,n341,n139,4,101,95,9.5,0.8147488534760301
1,40,10,39,n33,n87,4,101,95,9.5,0.8147488534760301
1,40,20,0,n266,n180,5,201,185,18.5,0.7695474295696201
1,40,20,1,n350,n332,4,201,189,18.9,0.8147488534760301
1,40,20,2,n60,n345,5,201,186,18.6,0.7695474295696201
1,40,20,3,n249,n255,4,201,189,18.9,0.8147488534760301
1,40,20,4,n173,n52,4,201,189,18.9,0.8147488534760301
1,40,20,5,n294,n225,3,201,192,19.2,0.8638828706489672
1,40,20,6,n268,n372,3,201,192,19.2,0.8638828706489672
1,40,20,7,n220,n323,3,201,192,19.2,0.8638828706489672
1,40,20,8,n371,n302,2,201,195,19.5,0.9172916227393662
1,40,20,9,n58,n100,4,201,189,18.9,0.8147488534760301
1,40,20,10,n379,n373,4,201,189,18.9,0.8147488534760301
1,40,20,11,n168,n279,3,201,192,19.2,0.8638828706489672
1,40,20,12,n287,n175,3,201,192,19.2,0.8638828706489672
1,40,20,13,n127,n57,4,201,189,18.9,0.8147488534760301
1,40,20,14,n78,n232,4,201,189,18.9,0.8147488534760301
1,40,20,15,n201,n45,4,201,189,18.9,0.8147488534760301
1,40,20,16,n353,n28,4,201,189,18.9,0.8147488534760301
1,40,20,17,n116,n288,4,201,189,18.9,0.8147488534760301
1,40,20,18,n196,n197,4,201,189,18.9,0.8147488534760301
1,40,20,19,n241,n355,3,201,192,19.2,0.8638828706489672
1,40,20,20,n148,n212,3,201,192,19.2,0.8638828706489672
1,40,20,21,n105,n366,4,201,189,18.9,0.8147488534760301
1,40,20,22,n384,n43,3,201,192,19.2,0.8638828706489672
1,40,20,23,n304,n344,4,201,189,18.9,0.8147488534760301
1,40,20,24,n264,n18,3,201,192,19.2,0.8638828706489672
1,40,20,25,n216,n259,4,201,189,18.9,0.8147488534760301
1,40,20,26,n387,n327,4,201,189,18.9,0.8147488534760301
1,40,20,27,n316,n233,4,201,189,18.9,0.8147488534760301
1,40,20,28,n250,n25,3,201,192,19.2,0.8638828706489672
1,40,20,29,n305,n17,3,201,192,19.2,0.8638828706489672
1,40,20,30,n10,n82,3,201,192,19.2,0.8638828706489672
1,40,20,31,n230,n256,3,201,192,19.2,0.8638828706489672
1,40,20,32,n354,n183,4,201,189,18.9,0.8147488534760301
1,40,20,33,n59,n96,5,201,186,18.6,0.7695474295696201
1,40,20,34,n23,n56,3,201,192,19.2,0.8638828706489672
1,40,20,35,n124,n113,2,201,195,19.5,0.9172916227393662
1,40,20,36,n217,n32,3,201,192,19.2,0.8638828706489672
1,40,20,37,n254,n336,5,201,186,18.6,0.7695474295696201
1,40,20,38,n341,n139,4,201,189,18.9,0.8147488534760301
1,40,20,39,n33,n87,4,201,189,18.9,0.8147488534760301
1,40,30,0,n266,n180,5,301,272,27.2,0.7695474295696201
1,40,30,1,n350,n332,4,301,283,28.3,0.8147488534760301
1,40,30,2,n60,n345,5,301,278,27.8,0.7695474295696201
1,40,30,3,n249,n255,4,301,283,28.3,0.8147488534760301
1,40,30,4,n173,n52,4,301,283,28.3,0.8147488534760301
1,40,30,5,n294,n225,3,301,129,12.9,0.8638828706489672
1,40,30,6,n268,n372,3,301,287,28.7,0.8638828706489672
1,40,30,7,n220,n323,3,301,287,28.7,0.8638828706489672
1,40,30,8,n371,n302,2,301,292,29.2,0.9172916227393662
1,40,30,9,n58,n100,4,301,283,28.3,0.8147488534760301
1,40,30,10,n379,n373,4,301,283,28.3,0.8147488534760301
1,40,30,11,n168,n279,3,301,287,28.7,0.8638828706489672
1,40,30,12,n287,n175,3,301,287,28.7,0.8638828706489672
1,40,30,13,n127,n57,4,301,174,17.4,0.8147488534760301
1,40,30,14,n78,n232,4,301,283,28.3,0.8147488534760301
1,40,30,15,n201,n45,4,301,283,28.3,0.8147488534760301
1,40,30,16,n353,n28,4,301,278,27.8,0.8147488534760301
1,40,30,17,n116,n288,4,301,283,28.3,0.8147488534760301
1,40,30,18,n196,n197,4,301,283,28.3,0.8147488534760301
1,40,30,19,n241,n355,3,301,287,28.7,0.8638828706489672
1,40,30,20,n148,n212,3,301,287,28.7,0.8638828706489672
1,40,30,21,n105,n366,4,301,283,28.3,0.8147488534760301
1,40,30,22,n384,n43,3,301,287,28.7,0.8638828706489672
1,40,30,23,n304,n344,4,301,283,28.3,0.8147488534760301
1,40,30,24,n264,n18,3,301,287,28.7,0.8638828706489672
1,40,30,25,n216,n259,4,301,283,28.3,0.8147488534760301
1,40,30,26,n387,n327,4,301,283,28.3,0.8147488534760301
1,40,30,27,n316,n233,4,301,283,28.3,0.8147488534760301
1,40,30,28,n250,n25,3,301,287,28.7,0.8638828706489672
1,40,30,29,n305,n17,3,301,282,28.2,0.8638828706489672
1,40,30,30,n10,n82,3,301,286,28.6,0.8638828706489672
1,40,30,31,n230,n256,3,301,287,28.7,0.8638828706489672
1,40,30,32,n354,n183,4,301,283,28.3,0.8147488534760301
1,40,30,33,n59,n96,5,301,152,15.2,0.7695474295696201
1,40,30,34,n23,n56,3,301,287,28.7,0.8638828706489672
1,40,30,35,n124,n113,2,301,292,29.2,0.9172916227393662
1,40,30,36,n217,n32,3,301,287,28.7,0.8638828706489672
1,40,30,37,n254,n336,5,301,278,27.8,0.7695474295696201
1,40,30,38,n341,n139,4,301,283,28.3,0.8147488534760301
1,40,30,39,n33,n87,4,301,283,28.3,0.8147488534760301
1,40,40,0,n266,n180,5,401,168,16.8,0.7695474295696201
1,40,40,1,n350,n332,4,401,377,37.7,0.8147488534760301
1,40,40,2,n60,n345,5,401,371,37.1,0.7695474295696201
1,40,40,3,n249,n255,4,401,377,37.7,0.8147488534760301
1,40,40,4,n173,n52,4,401,377,37.7,0.8147488534760301
1,40,40,5,n294,n225,3,401,222,22.2,0.8638828706489672
1,40,40,6,n268,n372,3,401,383,38.3,0.8638828706489672
1,40,40,7,n220,n323,3,401,383,38.3,0.8638828706489672
1,40,40,8,n371,n302,2,401,389,38.9,0.9172916227393662
1,40,40,9,n58,n100,4,401,377,37.7,0.8147488534760301
1,40,40,10,n379,n373,4,401,377,37.7,0.8147488534760301
1,40,40,11,n168,n279,3,401,383,38.3,0.8638828706489672
1,40,40,12,n287,n175,3,401,383,38.3,0.8638828706489672
1,40,40,13,n127,n57,4,401,208,20.8,0.8147488534760301
1,40,40,14,n78,n232,4,401,377,37.7,0.8147488534760301
1,40,40,15,n201,n45,4,401,377,37.7,0.8147488534760301
1,40,40,16,n353,n28,4,401,318,31.8,0.8147488534760301
1,40,40,17,n116,n288,4,401,359,35.9,0.8147488534760301
1,40,40,18,n196,n197,4,401,377,37.7,0.8147488534760301
1,40,40,19,n241,n355,3,401,383,38.3,0.8638828706489672
1,40,40,20,n148,n212,3,401,383,38.3,0.8638828706489672
1,40,40,21,n105,n366,4,401,362,36.2,0.8147488534760301
1,40,40,22,n384,n43,3,401,383,38.3,0.8638828706489672
1,40,40,23,n304,n344,4,401,377,37.7,0.8147488534760301
1,40,40,24,n264,n18,3,401,383,38.3,0.8638828706489672
1,40,40,25,n216,n259,4,401,377,37.7,0.8147488534760301
1,40,40,26,n387,n327,4,401,377,37.7,0.8147488534760301
1,40,40,27,n316,n233,4,401,377,37.7,0.8147488534760301
1,40,40,28,n250,n25,3,401,383,38.3,0.8638828706489672
1,40,40,29,n305,n17,3,401,307,30.7,0.8638828706489672
1,40,40,30,n10,n82,3,401,231,23.1,0.8638828706489672
1,40,40,31,n230,n256,3,401,383,38.3,0.8638828706489672
1,40,40,32,n354,n183,4,401,377,37.7,0.8147488534760301
1,40,40,33,n59,n96,5,401,175,17.5,0.7695474295696201
1,40,40,34,n23,n56,3,401,307,30.7,0.8638828706489672
1,40,40,35,n124,n113,2,401,389,38.9,0.9172916227393662
1,40,40,36,n217,n32,3,401,383,38.3,0.8638828706489672
1,40,40,37,n254,n336,5,401,371,37.1,0.7695474295696201
1,40,40,38,n341,n139,4,401,377,37.7,0.8147488534760301
1,40,40,39,n33,n87,4,401,360,36.0,0.8147488534760301
1,40,50,0,n266,n180,5,501,154,15.4,0.7695474295696201
1,40,50,1,n350,n332,4,501,460,46.0,0.8147488534760301
1,40,50,2,n60,n345,5,501,463,46.3,0.7695474295696201
1,40,50,3,n249,n255,4,501,471,47.1,0.8147488534760301
1,40,50,4,n173,n52,4,501,471,47.1,0.8147488534760301
1,40,50,5,n294,n225,3,501,232,23.2,0.8638828706489672
1,40,50,6,n268,n372,3,501,478,47.8,0.8638828706489672
1,40,50,7,n220,n323,3,501,478,47.8,0.8638828706489672
1,40,50,8,n371,n302,2,501,486,48.6,0.9172916227393662
1,40,50,9,n58,n100,4,501,471,47.1,0.8147488534760301
1,40,50,10,n379,n373,4,501,471,47.1,0.8147488534760301
1,40,50,11,n168,n279,3,501,478,47.8,0.8638828706489672
1,40,50,12,n287,n175,3,501,478,47.8,0.8638828706489672
1,40,50,13,n127,n57,4,501,226,22.6,0.8147488534760301
1,40,50,14,n78,n232,4,501,471,47.1,0.8147488534760301
1,40,50,15,n201,n45,4,501,471,47.1,0.8147488534760301
1,40,50,16,n353,n28,4,501,350,35.0,0.8147488534760301
1,40,50,17,n116,n288,4,501,379,37.9,0.8147488534760301
1,40,50,18,n196,n197,4,501,471,47.1,0.8147488534760301
1,40,50,19,n241,n355,3,501,478,47.8,0.8638828706489672
1,40,50,20,n148,n212,3,501,478,47.8,0.8638828706489672
1,40,50,21,n105,n366,4,501,380,38.0,0.8147488534760301
1,40,50,22,n384,n43,3,501,478,47.8,0.8638828706489672
1,40,50,23,n304,n344,4,501,405,40.5,0.8147488534760301
1,40,50,24,n264,n18,3,501,478,47.8,0.8638828706489672
1,40,50,25,n216,n259,4,501,435,43.5,0.8147488534760301
1,40,50,26,n387,n327,4,501,443,44.3,0.8147488534760301
1,40,50,27,n316,n233,4,501,471,47.1,0.8147488534760301
1,40,50,28,n250,n25,3,501,478,47.8,0.8638828706489672
1,40,50,29,n305,n17,3,501,295,29.5,0.8638828706489672
1,40,50,30,n10,n82,3,501,166,16.6,0.8638828706489672
1,40,50,31,n230,n256,3,501,478,47.8,0.8638828706489672
1,40,50,32,n354,n183,4,501,471,47.1,0.8147488534760301
1,40,50,33,n59,n96,5,501,150,15.0,0.7695474295696201
1,40,50,34,n23,n56,3,501,264,26.4,0.8638828706489672
1,40,50,35,n124,n113,2,501,486,48.6,0.9172916227393662
1,40,50,36,n217,n32,3,501,478,47.8,0.8638828706489672
1,40,50,37,n254,n336,5,501,463,46.3,0.7695474295696201
1,40,50,38,n341,n139,4,501,471,47.1,0.8147488534760301
1,40,50,39,n33,n87,4,501,449,44.9,0.8147488534760301
1,40,60,0,n266,n180,5,601,95,9.5,0.7695474295696201
1,40,60,1,n350,n332,4,601,420,42.0,0.8147488534760301
1,40,60,2,n60,n345,5,601,556,55.6,0.7695474295696201
1,40,60,3,n249,n255,4,601,522,52.2,0.8147488534760301
1,40,60,4,n173,n52,4,601,543,54.3,0.8147488534760301
1,40,60,5,n294,n225,3,601,201,20.1,0.8638828706489672
1,40,60,6,n268,n372,3,601,574,57.4,0.8638828706489672
1,40,60,7,n220,n323,3,601,574,57.4,0.8638828706489672
1,40,60,8,n371,n302,2,601,583,58.3,0.9172916227393662
1,40,60,9,n58,n100,4,601,565,56.5,0.8147488534760301
1,40,60,10,n379,n373,4,601,565,56.5,0.8147488534760301
1,40,60,11,n168,n279,3,601,574,57.4,0.8638828706489672
1,40,60,12,n287,n175,3,601,502,50.2,0.8638828706489672
1,40,60,13,n127,n57,4,601,200,20.0,0.8147488534760301
1,40,60,14,n78,n232,4,601,565,56.5,0.8147488534760301
1,40,60,15,n201,n45,4,601,565,56.5,0.8147488534760301
1,40,60,16,n353,n28,4,601,367,36.7,0.8147488534760301
1,40,60,17,n116,n288,4,601,216,21.6,0.8147488534760301
1,40,60,18,n196,n197,4,601,522,52.2,0.8147488534760301
1,40,60,19,n241,n355,3,601,555,55.5,0.8638828706489672
1,40,60,20,n148,n212,3,601,574,57.4,0.8638828706489672
1,40,60,21,n105,n366,4,601,386,38.6,0.8147488534760301
1,40,60,22,n384,n43,3,601,574,57.4,0.8638828706489672
1,40,60,23,n304,n344,4,601,304,30.4,0.8147488534760301
1,40,60,24,n264,n18,3,601,574,57.4,0.8638828706489672
1,40,60,25,n216,n259,4,601,452,45.2,0.8147488534760301
1,40,60,26,n387,n327,4,601,441,44.1,0.8147488534760301
1,40,60,27,n316,n233,4,601,565,56.5,0.8147488534760301
1,40,60,28,n250,n25,3,601,574,57.4,0.8638828706489672
1,40,60,29,n305,n17,3,601,353,35.3,0.8638828706489672
1,40,60,30,n10,n82,3,601,123,12.3,0.8638828706489672
1,40,60,31,n230,n256,3,601,574,57.4,0.8638828706489672
1,40,60,32,n354,n183,4,601,565,56.5,0.8147488534760301
1,40,60,33,n59,n96,5,601,13,1.3,0.7695474295696201
1,40,60,34,n23,n56,3,601,151,15.1,0.8638828706489672
1,40,60,35,n124,n113,2,601,578,57.8,0.9172916227393662
1,40,60,36,n217,n32,3,601,574,57.4,0.8638828706489672
1,40,60,37,n254,n336,5,601,556,55.6,0.7695474295696201
1,40,60,38,n341,n139,4,601,541,54.1,0.8147488534760301
1,40,60,39,n33,n87,4,601,535,53.5,0.8147488534760301
1,40,70,0,n266,n180,5,701,181,18.1,0.7695474295696201
1,40,70,1,n350,n332,4,701,510,51.0,0.8147488534760301
1,40,70,2,n60,n345,5,701,571,57.1,0.7695474295696201
1,40,70,3,n249,n255,4,701,571,57.1,0.8147488534760301
1,40,70,4,n173,n52,4,701,552,55.2,0.8147488534760301
1,40,70,5,n294,n225,3,701,163,16.3,0.8638828706489672
1,40,70,6,n268,n372,3,701,669,66.9,0.8638828706489672
1,40,70,7,n220,n323,3,701,669,66.9,0.8638828706489672
1,40,70,8,n371,n302,2,701,592,59.2,0.9172916227393662
1,40,70,9,n58,n100,4,701,571,57.1,0.8147488534760301
1,40,70,10,n379,n373,4,701,659,65.9,0.8147488534760301
1,40,70,11,n168,n279,3,701,669,66.9,0.8638828706489672
1,40,70,12,n287,n175,3,701,490,49.0,0.8638828706489672
1,40,70,13,n127,n57,4,701,162,16.2,0.8147488534760301
1,40,70,14,n78,n232,4,701,659,65.9,0.8147488534760301
1,40,70,15,n201,n45,4,701,659,65.9,0.8147488534760301
1,40,70,16,n353,n28,4,701,362,36.2,0.8147488534760301
1,40,70,17,n116,n288,4,701,154,15.4,0.8147488534760301
1,40,70,18,n196,n197,4,701,571,57.1,0.8147488534760301
1,40,70,19,n241,n355,3,701,558,55.8,0.8638828706489672
1,40,70,20,n148,n212,3,701,669,66.9,0.8638828706489672
1,40,70,21,n105,n366,4,701,438,43.8,0.8147488534760301
1,40,70,22,n384,n43,3,701,669,66.9,0.8638828706489672
1,40,70,23,n304,n344,4,701,406,40.6,0.8147488534760301
1,40,70,24,n264,n18,3,701,669,66.9,0.8638828706489672
1,40,70,25,n216,n259,4,701,418,41.8,0.8147488534760301
1,40,70,26,n387,n327,4,701,399,39.9,0.8147488534760301
1,40,70,27,n316,n233,4,701,571,57.1,0.8147488534760301
1,40,70,28,n250,n25,3,701,669,66.9,0.8638828706489672
1,40,70,29,n305,n17,3,701,298,29.8,0.8638828706489672
1,40,70,30,n10,n82,3,701,102,10.2,0.8638828706489672
1,40,70,31,n230,n256,3,701,669,66.9,0.8638828706489672
1,40,70,32,n354,n183,4,701,659,65.9,0.8147488534760301
1,40,70,33,n59,n96,5,701,96,9.6,0.7695474295696201
1,40,70,34,n23,n56,3,701,129,12.9,0.8638828706489672
1,40,70,35,n124,n113,2,701,594,59.4,0.9172916227393662
1,40,70,36,n217,n32,3,701,581,58.1,0.8638828706489672
1,40,70,37,n254,n336,5,701,571,57.1,0.7695474295696201
1,40,70,38,n341,n139,4,701,551,55.1,0.8147488534760301
1,40,70,39,n33,n87,4,701,572,57.2,0.8147488534760301
1,40,80,0,n266,n180,5,801,111,11.1,0.7695474295696201
1,40,80,1,n350,n332,4,801,558,55.8,0.8147488534760301
1,40,80,2,n60,n345,5,801,575,57.5,0.7695474295696201
1,40,80,3,n249,n255,4,801,570,57.0,0.8147488534760301
1,40,80,4,n173,n52,4,801,574,57.4,0.8147488534760301
1,40,80,5,n294,n225,3,801,221,22.1,0.8638828706489672
1,40,80,6,n268,n372,3,801,765,76.5,0.8638828706489672
1,40,80,7,n220,n323,3,801,629,62.9,0.8638828706489672
1,40,80,8,n371,n302,2,801,624,62.4,0.9172916227393662
1,40,80,9,n58,n100,4,801,581,58.1,0.8147488534760301
1,40,80,10,n379,n373,4,801,697,69.7,0.8147488534760301
1,40,80,11,n168,n279,3,801,765,76.5,0.8638828706489672
1,40,80,12,n287,n175,3,801,497,49.7,0.8638828706489672
1,40,80,13,n127,n57,4,801,195,19.5,0.8147488534760301
1,40,80,14,n78,n232,4,801,712,71.2,0.8147488534760301
1,40,80,15,n201,n45,4,801,712,71.2,0.8147488534760301
1,40,80,16,n353,n28,4,801,400,40.0,0.8147488534760301
1,40,80,17,n116,n288,4,801,219,21.9,0.8147488534760301
1,40,80,18,n196,n197,4,801,557,55.7,0.8147488534760301
1,40,80,19,n241,n355,3,801,589,58.9,0.8638828706489672
1,40,80,20,n148,n212,3,801,765,76.5,0.8638828706489672
1,40,80,21,n105,n366,4,801,446,44.6,0.8147488534760301
1,40,80,22,n384,n43,3,801,760,76.0,0.8638828706489672
1,40,80,23,n304,n344,4,801,373,37.3,0.8147488534760301
1,40,80,24,n264,n18,3,801,765,76.5,0.8638828706489672
1,40,80,25,n216,n259,4,801,402,40.2,0.8147488534760301
1,40,80,26,n387,n327,4,801,343,34.3,0.8147488534760301
1,40,80,27,n316,n233,4,801,570,57.0,0.8147488534760301
1,40,80,28,n250,n25,3,801,763,76.3,0.8638828706489672
1,40,80,29,n305,n17,3,801,259,25.9,0.8638828706489672
1,40,80,30,n10,n82,3,801,113,11.3,0.8638828706489672
1,40,80,31,n230,n256,3,801,765,76.5,0.8638828706489672
1,40,80,32,n354,n183,4,801,708,70.8,0.8147488534760301
1,40,80,33,n59,n96,5,801,101,10.1,0.7695474295696201
1,40,80,34,n23,n56,3,801,169,16.9,0.8638828706489672
1,40,80,35,n124,n113,2,801,573,57.3,0.9172916227393662
1,40,80,36,n217,n32,3,801,589,58.9,0.8638828706489672
1,40,80,37,n254,n336,5,801,576,57.6,0.7695474295696201
1,40,80,38,n341,n139,4,801,555,55.5,0.8147488534760301
1,40,80,39,n33,n87,4,801,548,54.8,0.8147488534760301
1,40,90,0,n266,n180,5,901,146,14.6,0.7695474295696201
1,40,90,1,n350,n332,4,901,535,53.5,0.8147488534760301
1,40,90,2,n60,n345,5,901,577,57.7,0.7695474295696201
1,40,90,3,n249,n255,4,901,573,57.3,0.8147488534760301
1,40,90,4,n173,n52,4,901,559,55.9,0.8147488534760301
1,40,90,5,n294,n225,3,901,143,14.3,0.8638828706489672
1,40,90,6,n268,n372,3,901,860,86.0,0.8638828706489672
1,40,90,7,n220,n323,3,901,815,81.5,0.8638828706489672
1,40,90,8,n371,n302,2,901,695,69.5,0.9172916227393662
1,40,90,9,n58,n100,4,901,584,58.4,0.8147488534760301
1,40,90,10,n379,n373,4,901,684,68.4,0.8147488534760301
1,40,90,11,n168,n279,3,901,860,86.0,0.8638828706489672
1,40,90,12,n287,n175,3,901,420,42.0,0.8638828706489672
1,40,90,13,n127,n57,4,901,124,12.4,0.8147488534760301
1,40,90,14,n78,n232,4,901,721,72.1,0.8147488534760301
1,40,90,15,n201,n45,4,901,721,72.1,0.8147488534760301
1,40,90,16,n353,n28,4,901,405,40.5,0.8147488534760301
1,40,90,17,n116,n288,4,901,76,7.6,0.8147488534760301
1,40,90,18,n196,n197,4,901,552,55.2,0.8147488534760301
1,40,90,19,n241,n355,3,901,538,53.8,0.8638828706489672
1,40,90,20,n148,n212,3,901,860,86.0,0.8638828706489672
1,40,90,21,n105,n366,4,901,510,51.0,0.8147488534760301
1,40,90,22,n384,n43,3,901,781,78.1,0.8638828706489672
1,40,90,23,n304,n344,4,901,343,34.3,0.8147488534760301
1,40,90,24,n264,n18,3,901,860,86.0,0.8638828706489672
1,40,90,25,n216,n259,4,901,442,44.2,0.8147488534760301
1,40,90,26,n387,n327,4,901,197,19.7,0.8147488534760301
1,40,90,27,n316,n233,4,901,574,57.4,0.8147488534760301
1,40,90,28,n250,n25,3,901,793,79.3,0.8638828706489672
1,40,90,29,n305,n17,3,901,242,24.2,0.8638828706489672
1,40,90,30,n10,n82,3,901,42,4.2,0.8638828706489672
1,40,90,31,n230,n256,3,901,860,86.0,0.8638828706489672
1,40,90,32,n354,n183,4,901,679,67.9,0.8147488534760301
1,40,90,33,n59,n96,5,901,78,7.8,0.7695474295696201
1,40,90,34,n23,n56,3,901,47,4.7,0.8638828706489672
1,40,90,35,n124,n113,2,901,532,53.2,0.9172916227393662
1,40,90,36,n217,n32,3,901,501,50.1,0.8638828706489672
1,40,90,37,n254,n336,5,901,580,58.0,0.7695474295696201
1,40,90,38,n341,n139,4,901,484,48.4,0.8147488534760301
1,40,90,39,n33,n87,4,901,670,67.0,0.8147488534760301
1,40,100,0,n266,n180,5,1001,103,10.3,0.7695474295696201
1,40,100,1,n350,n332,4,1001,540,54.0,0.8147488534760301
1,40,100,2,n60,n345,5,1001,577,57.7,0.7695474295696201
1,40,100,3,n249,n255,4,1001,543,54.3,0.8147488534760301
1,40,100,4,n173,n52,4,1001,568,56.8,0.8147488534760301
1,40,100,5,n294,n225,3,1001,220,22.0,0.8638828706489672
1,40,100,6,n268,n372,3,1001,938,93.8,0.8638828706489672
1,40,100,7,n220,n323,3,1001,743,74.3,0.8638828706489672
1,40,100,8,n371,n302,2,1001,645,64.5,0.9172916227393662
1,40,100,9,n58,n100,4,1001,582,58.2,0.8147488534760301
1,40,100,10,n379,n373,4,1001,670,67.0,0.8147488534760301
1,40,100,11,n168,n279,3,1001,939,93.9,0.8638828706489672
1,40,100,12,n287,n175,3,1001,486,48.6,0.8638828706489672
1,40,100,13,n127,n57,4,1001,143,14.3,0.8147488534760301
1,40,100,14,n78,n232,4,1001,717,71.7,0.8147488534760301
1,40,100,15,n201,n45,4,1001,718,71.8,0.8147488534760301
1,40,100,16,n353,n28,4,1001,415,41.5,0.8147488534760301
1,40,100,17,n116,n288,4,1001,128,12.8,0.8147488534760301
1,40,100,18,n196,n197,4,1001,559,55.9,0.8147488534760301
1,40,100,19,n241,n355,3,1001,504,50.4,0.8638828706489672
1,40,100,20,n148,n212,3,1001,938,93.8,0.8638828706489672
1,40,100,21,n105,n366,4,1001,471,47.1,0.8147488534760301
1,40,100,22,n384,n43,3,1001,847,84.7,0.8638828706489672
1,40,100,23,n304,n344,4,1001,301,30.1,0.8147488534760301
1,40,100,24,n264,n18,3,1001,938,93.8,0.8638828706489672
1,40,100,25,n216,n259,4,1001,427,42.7,0.8147488534760301
1,40,100,26,n387,n327,4,1001,293,29.3,0.8147488534760301
1,40,100,27,n316,n233,4,1001,606,60.6,0.8147488534760301
1,40,100,28,n250,n25,3,1001,887,88.7,0.8638828706489672
1,40,100,29,n305,n17,3,1001,251,25.1,0.8638828706489672
1,40,100,30,n10,n82,3,1001,87,8.7,0.8638828706489672
1,40,100,31,n230,n256,3,1001,938,93.8,0.8638828706489672
1,40,100,32,n354,n183,4,1001,673,67.3,0.8147488534760301
1,40,100,33,n59,n96,5,1001,72,7.2,0.7695474295696201
1,40,100,34,n23,n56,3,1001,128,12.8,0.8638828706489672
1,40,100,35,n124,n113,2,1001,512,51.2,0.9172916227393662
1,40,100,36,n217,n32,3,1001,571,57.1,0.8638828706489672
1,40,100,37,n254,n336,5,1001,585,58.5,0.7695474295696201
1,40,100,38,n341,n139,4,1001,449,44.9,0.8147488534760301
1,40,100,39,n33,n87,4,1001,593,59.3,0.8147488534760301
2,10,10,0,n6,n340,3,101,96,9.6,0.8638828706489672
2,10,10,1,n28,n285,2,101,98,9.8,0.9172916227393662
2,10,10,2,n212,n254,4,101,95,9.5,0.8147488534760301
2,10,10,3,n354,n371,5,101,93,9.3,0.7695474295696201
2,10,10,4,n105,n94,3,101,96,9.6,0.8638828706489672
2,10,10,5,n266,n3,3,101,96,9.6,0.8638828706489672
2,10,10,6,n186,n257,4,101,95,9.5,0.8147488534760301
2,10,10,7,n301,n358,4,101,95,9.5,0.8147488534760301
2,10,10,8,n125,n96,4,101,95,9.5,0.8147488534760301
2,10,10,9,n368,n204,4,101,95,9.5,0.8147488534760301
2,10,20,0,n6,n340,3,201,192,19.2,0.8638828706489672
2,10,20,1,n28,n285,2,201,195,19.5,0.9172916227393662
2,10,20,2,n212,n254,4,201,189,18.9,0.8147488534760301
2,10,20,3,n354,n371,5,201,186,18.6,0.7695474295696201
2,10,20,4,n105,n94,3,201,192,19.2,0.8638828706489672
2,10,20,5,n266,n3,3,201,192,19.2,0.8638828706489672
2,10,20,6,n186,n257,4,201,189,18.9,0.8147488534760301
2,10,20,7,n301,n358,4,201,189,18.9,0.8147488534760301
2,10,20,8,n125,n96,4,201,189,18.9,0.8147488534760301
2,10,20,9,n368,n204,4,201,189,18.9,0.8147488534760301
2,10,30,0,n6,n340,3,301,287,28.7,0.8638828706489672
2,10,30,1,n28,n285,2,301,292,29.2,0.9172916227393662
2,10,30,2,n212,n254,4,301,283,28.3,0.8147488534760301
2,10,30,3,n354,n371,5,301,278,27.8,0.7695474295696201
2,10,30,4,n105,n94,3,301,287,28.7,0.8638828706489672
2,10,30,5,n266,n3,3,301,287,28.7,0.8638828706489672
2,10,30,6,n186,n257,4,301,283,28.3,0.8147488534760301
2,10,30,7,n301,n358,4,301,283,28.3,0.8147488534760301
2,10,30,8,n125,n96,4,301,283,28.3,0.8147488534760301
2,10,30,9,n368,n204,4,301,283,28.3,0.8147488534760301
2,10,40,0,n6,n340,3,401,383,38.3,0.8638828706489672
2,10,40,1,n28,n285,2,401,389,38.9,0.9172916227393662
2,10,40,2,n212,n254,4,401,377,37.7,0.8147488534760301
2,10,40,3,n354,n371,5,401,371,37.1,0.7695474295696201
2,10,40,4,n105,n94,3,401,383,38.3,0.8638828706489672
2,10,40,5,n266,n3,3,401,383,38.3,0.8638828706489672
2,10,40,6,n186,n257,4,401,377,37.7,0.8147488534760301
2,10,40,7,n301,n358,4,401,377,37.7,0.8147488534760301
2,10,40,8,n125,n96,4,401,377,37.7,0.8147488534760301
2,10,40,9,n368,n204,4,401,377,37.7,0.8147488534760301
2,10,50,0,n6,n340,3,501,478,47.8,0.8638828706489672
2,10,50,1,n28,n285,2,501,486,48.6,0.9172916227393662
2,10,50,2,n212,n254,4,501,471,47.1,0.8147488534760301
2,10,50,3,n354,n371,5,501,463,46.3,0.7695474295696201
2,10,50,4,n105,n94,3,501,478,47.8,0.8638828706489672
2,10,50,5,n266,n3,3,501,478,47.8,0.8638828706489672
2,10,50,6,n186,n257,4,501,471,47.1,0.8147488534760301
2,10,50,7,n301,n358,4,501,471,47.1,0.8147488534760301
2,10,50,8,n125,n96,4,501,471,47.1,0.8147488534760301
2,10,50,9,n368,n204,4,501,471,47.1,0.8147488534760301
2,10,60,0,n6,n340,3,601,550,55.0,0.8638828706489672
2,10,60,1,n28,n285,2,601,583,58.3,0.9172916227393662
2,10,60,2,n212,n254,4,601,565,56.5,0.8147488534760301
2,10,60,3,n354,n371,5,601,556,55.6,0.7695474295696201
2,10,60,4,n105,n94,3,601,554,55.4,0.8638828706489672
2,10,60,5,n266,n3,3,601,574,57.4,0.8638828706489672
2,10,60,6,n186,n257,4,601,565,56.5,0.8147488534760301
2,10,60,7,n301,n358,4,601,565,56.5,0.8147488534760301
2,10,60,8,n125,n96,4,601,565,56.5,0.8147488534760301
2,10,60,9,n368,n204,4,601,565,56.5,0.8147488534760301
2,10,70,0,n6,n340,3,701,557,55.7,0.8638828706489672
2,10,70,1,n28,n285,2,701,680,68.0,0.9172916227393662
2,10,70,2,n212,n254,4,701,659,65.9,0.8147488534760301
2,10,70,3,n354,n371,5,701,571,57.1,0.7695474295696201
2,10,70,4,n105,n94,3,701,561,56.1,0.8638828706489672
2,10,70,5,n266,n3,3,701,669,66.9,0.8638828706489672
2,10,70,6,n186,n257,4,701,659,65.9,0.8147488534760301
2,10,70,7,n301,n358,4,701,659,65.9,0.8147488534760301
2,10,70,8,n125,n96,4,701,659,65.9,0.8147488534760301
2,10,70,9,n368,n204,4,701,659,65.9,0.8147488534760301
2,10,80,0,n6,n340,3,801,568,56.8,0.8638828706489672
2,10,80,1,n28,n285,2,801,777,77.7,0.9172916227393662
2,10,80,2,n212,n254,4,801,711,71.1,0.8147488534760301
2,10,80,3,n354,n371,5,801,576,57.6,0.7695474295696201
2,10,80,4,n105,n94,3,801,579,57.9,0.8638828706489672
2,10,80,5,n266,n3,3,801,765,76.5,0.8638828706489672
2,10,80,6,n186,n257,4,801,711,71.1,0.8147488534760301
2,10,80,7,n301,n358,4,801,711,71.1,0.8147488534760301
2,10,80,8,n125,n96,4,801,711,71.1,0.8147488534760301
2,10,80,9,n368,n204,4,801,711,71.1,0.8147488534760301
2,10,90,0,n6,n340,3,901,563,56.3,0.8638828706489672
2,10,90,1,n28,n285,2,901,874,87.4,0.9172916227393662
2,10,90,2,n212,n254,4,901,721,72.1,0.8147488534760301
2,10,90,3,n354,n371,5,901,580,58.0,0.7695474295696201
2,10,90,4,n105,n94,3,901,572,57.2,0.8638828706489672
2,10,90,5,n266,n3,3,901,860,86.0,0.8638828706489672
2,10,90,6,n186,n257,4,901,721,72.1,0.8147488534760301
2,10,90,7,n301,n358,4,901,721,72.1,0.8147488534760301
2,10,90,8,n125,n96,4,901,721,72.1,0.8147488534760301
2,10,90,9,n368,n204,4,901,721,72.1,0.8147488534760301
2,10,100,0,n6,n340,3,1001,564,56.4,0.8638828706489672
2,10,100,1,n28,n285,2,1001,971,97.1,0.9172916227393662
2,10,100,2,n212,n254,4,1001,717,71.7,0.8147488534760301
2,10,100,3,n354,n371,5,1001,585,58.5,0.7695474295696201
2,10,100,4,n105,n94,3,1001,601,60.1,0.8638828706489672
2,10,100,5,n266,n3,3,1001,938,93.8,0.8638828706489672
2,10,100,6,n186,n257,4,1001,717,71.7,0.8147488534760301
2,10,100,7,n301,n358,4,1001,717,71.7,0.8147488534760301
2,10,100,8,n125,n96,4,1001,717,71.7,0.8147488534760301
2,10,100,9,n368,n204,4,1001,717,71.7,0.8147488534760301
2,20,10,0,n6,n340,3,101,96,9.6,0.8638828706489672
2,20,10,1,n28,n285,2,101,98,9.8,0.9172916227393662
2,20,10,2,n212,n254,4,101,95,9.5,0.8147488534760301
2,20,10,3,n354,n371,5,101,93,9.3,0.7695474295696201
2,20,10,4,n105,n94,3,101,96,9.6,0.8638828706489672
2,20,10,5,n266,n3,3,101,96,9.6,0.8638828706489672
2,20,10,6,n186,n257,4,101,95,9.5,0.8147488534760301
2,20,10,7,n301,n358,4,101,95,9.5,0.8147488534760301
2,20,10,8,n125,n96,4,101,95,9.5,0.8147488534760301
2,20,10,9,n368,n204,4,101,95,9.5,0.8147488534760301
2,20,10,10,n226,n192,5,101,93,9.3,0.7695474295696201
2,20,10,11,n279,n22,2,101,98,9.8,0.9172916227393662
2,20,10,12,n163,n66,3,101,96,9.6,0.8638828706489672
2,20,10,13,n32,n128,4,101,95,9.5,0.8147488534760301
2,20,10,14,n237,n185,5,101,93,9.3,0.7695474295696201
2,20,10,15,n391,n180,4,101,95,9.5,0.8147488534760301
2,20,10,16,n361,n355,4,101,95,9.5,0.8147488534760301
2,20,10,17,n317,n210,2,101,98,9.8,0.9172916227393662
2,20,10,18,n272,n345,4,101,95,9.5,0.8147488534760301
2,20,10,19,n190,n154,4,101,95,9.5,0.8147488534760301
2,20,20,0,n6,n340,3,201,192,19.2,0.8638828706489672
2,20,20,1,n28,n285,2,201,195,19.5,0.9172916227393662
2,20,20,2,n212,n254,4,201,189,18.9,0.8147488534760301
2,20,20,3,n354,n371,5,201,186,18.6,0.7695474295696201
2,20,20,4,n105,n94,3,201,192,19.2,0.8638828706489672
2,20,20,5,n266,n3,3,201,192,19.2,0.8638828706489672
2,20,20,6,n186,n257,4,201,189,18.9,0.8147488534760301
2,20,20,7,n301,n358,4,201,189,18.9,0.8147488534760301
2,20,20,8,n125,n96,4,201,189,18.9,0.8147488534760301
2,20,20,9,n368,n204,4,201,189,18.9,0.8147488534760301
2,20,20,10,n226,n192,5,201,186,18.6,0.7695474295696201
2,20,20,11,n279,n22,2,201,195,19.5,0.9172916227393662
2,20,20,12,n163,n66,3,201,192,19.2,0.8638828706489672
2,20,20,13,n32,n128,4,201,189,18.9,0.8147488534760301
2,20,20,14,n237,n185,5,201,186,18.6,0.7695474295696201
2,20,20,15,n391,n180,4,201,189,18.9,0.8147488534760301
2,20,20,16,n361,n355,4,201,189,18.9,0.8147488534760301
2,20,20,17,n317,n210,2,201,195,19.5,0.9172916227393662
2,20,20,18,n272,n345,4,201,189,18.9,0.8147488534760301
2,20,20,19,n190,n154,4,201,189,18.9,0.8147488534760301
2,20,30,0,n6,n340,3,301,287,28.7,0.8638828706489672
2,20,30,1,n28,n285,2,301,292,29.2,0.9172916227393662
2,20,30,2,n212,n254,4,301,283,28.3,0.8147488534760301
2,20,30,3,n354,n371,5,301,278,27.8,0.7695474295696201
2,20,30,4,n105,n94,3,301,287,28.7,0.8638828706489672
2,20,30,5,n266,n3,3,301,287,28.7,0.8638828706489672
2,20,30,6,n186,n257,4,301,283,28.3,0.8147488534760301
2,20,30,7,n301,n358,4,301,283,28.3,0.8147488534760301
2,20,30,8,n125,n96,4,301,283,28.3,0.8147488534760301
2,20,30,9,n368,n204,4,301,283,28.3,0.8147488534760301
2,20,30,10,n226,n192,5,301,278,27.8,0.7695474295696201
2,20,30,11,n279,n22,2,301,292,29.2,0.9172916227393662
2,20,30,12,n163,n66,3,301,287,28.7,0.8638828706489672
2,20,30,13,n32,n128,4,301,283,28.3,0.8147488534760301
2,20,30,14,n237,n185,5,301,278,27.8,0.7695474295696201
2,20,30,15,n391,n180,4,301,283,28.3,0.8147488534760301
2,20,30,16,n361,n355,4,301,283,28.3,0.8147488534760301
2,20,30,17,n317,n210,2,301,292,29.2,0.9172916227393662
2,20,30,18,n272,n345,4,301,283,28.3,0.8147488534760301
2,20,30,19,n190,n154,4,301,283,28.3,0.8147488534760301
2,20,40,0,n6,n340,3,401,383,38.3,0.8638828706489672
2,20,40,1,n28,n285,2,401,389,38.9,0.9172916227393662
2,20,40,2,n212,n254,4,401,377,37.7,0.8147488534760301
2,20,40,3,n354,n371,5,401,371,37.1,0.7695474295696201
2,20,40,4,n105,n94,3,401,383,38.3,0.8638828706489672
2,20,40,5,n266,n3,3,401,383,38.3,0.8638828706489672
2,20,40,6,n186,n257,4,401,377,37.7,0.8147488534760301
2,20,40,7,n301,n358,4,401,377,37.7,0.8147488534760301
2,20,40,8,n125,n96,4,401,377,37.7,0.8147488534760301
2,20,40,9,n368,n204,4,401,377,37.7,0.8147488534760301
2,20,40,10,n226,n192,5,401,371,37.1,0.7695474295696201
2,20,40,11,n279,n22,2,401,389,38.9,0.9172916227393662
2,20,40,12,n163,n66,3,401,383,38.3,0.8638828706489672
2,20,40,13,n32,n128,4,401,377,37.7,0.8147488534760301
2,20,40,14,n237,n185,5,401,365,36.5,0.7695474295696201
2,20,40,15,n391,n180,4,401,366,36.6,0.8147488534760301
2,20,40,16,n361,n355,4,401,377,37.7,0.8147488534760301
2,20,40,17,n317,n210,2,401,389,38.9,0.9172916227393662
2,20,40,18,n272,n345,4,401,377,37.7,0.8147488534760301
2,20,40,19,n190,n154,4,401,377,37.7,0.8147488534760301
2,20,50,0,n6,n340,3,501,478,47.8,0.8638828706489672
2,20,50,1,n28,n285,2,501,486,48.6,0.9172916227393662
2,20,50,2,n212,n254,4,501,471,47.1,0.8147488534760301
2,20,50,3,n354,n371,5,501,463,46.3,0.7695474295696201
2,20,50,4,n105,n94,3,501,478,47.8,0.8638828706489672
2,20,50,5,n266,n3,3,501,478,47.8,0.8638828706489672
2,20,50,6,n186,n257,4,501,471,47.1,0.8147488534760301
2,20,50,7,n301,n358,4,501,471,47.1,0.8147488534760301
2,20,50,8,n125,n96,4,501,471,47.1,0.8147488534760301
2,20,50,9,n368,n204,4,501,471,47.1,0.8147488534760301
2,20,50,10,n226,n192,5,501,463,46.3,0.7695474295696201
2,20,50,11,n279,n22,2,501,486,48.6,0.9172916227393662
2,20,50,12,n163,n66,3,501,478,47.8,0.8638828706489672
2,20,50,13,n32,n128,4,501,471,47.1,0.8147488534760301
2,20,50,14,n237,n185,5,501,445,44.5,0.7695474295696201
2,20,50,15,n391,n180,4,501,252,25.2,0.8147488534760301
2,20,50,16,n361,n355,4,501,471,47.1,0.8147488534760301
2,20,50,17,n317,n210,2,501,486,48.6,0.9172916227393662
2,20,50,18,n272,n345,4,501,471,47.1,0.8147488534760301
2,20,50,19,n190,n154,4,501,471,47.1,0.8147488534760301
2,20,60,0,n6,n340,3,601,555,55.5,0.8638828706489672
2,20,60,1,n28,n285,2,601,583,58.3,0.9172916227393662
2,20,60,2,n212,n254,4,601,565,56.5,0.8147488534760301
2,20,60,3,n354,n371,5,601,556,55.6,0.7695474295696201
2,20,60,4,n105,n94,3,601,549,54.9,0.8638828706489672
2,20,60,5,n266,n3,3,601,574,57.4,0.8638828706489672
2,20,60,6,n186,n257,4,601,565,56.5,0.8147488534760301
2,20,60,7,n301,n358,4,601,565,56.5,0.8147488534760301
2,20,60,8,n125,n96,4,601,565,56.5,0.8147488534760301
2,20,60,9,n368,n204,4,601,565,56.5,0.8147488534760301
2,20,60,10,n226,n192,5,601,406,40.6,0.7695474295696201
2,20,60,11,n279,n22,2,601,583,58.3,0.9172916227393662
2,20,60,12,n163,n66,3,601,574,57.4,0.8638828706489672
2,20,60,13,n32,n128,4,601,565,56.5,0.8147488534760301
2,20,60,14,n237,n185,5,601,556,55.6,0.7695474295696201
2,20,60,15,n391,n180,4,601,27,2.7,0.81474885347603
2,20,60,16,n361,n355,4,601,565,56.5,0.8147488534760301
2,20,60,17,n317,n210,2,601,583,58.3,0.9172916227393662
2,20,60,18,n272,n345,4,601,565,56.5,0.8147488534760301
2,20,60,19,n190,n154,4,601,565,56.5,0.8147488534760301
2,20,70,0,n6,n340,3,701,493,49.3,0.8638828706489672
2,20,70,1,n28,n285,2,701,680,68.0,0.9172916227393662
2,20,70,2,n212,n254,4,701,659,65.9,0.8147488534760301
2,20,70,3,n354,n371,5,701,571,57.1,0.7695474295696201
2,20,70,4,n105,n94,3,701,614,61.4,0.8638828706489672
2,20,70,5,n266,n3,3,701,669,66.9,0.8638828706489672
2,20,70,6,n186,n257,4,701,659,65.9,0.8147488534760301
2,20,70,7,n301,n358,4,701,659,65.9,0.8147488534760301
2,20,70,8,n125,n96,4,701,659,65.9,0.8147488534760301
2,20,70,9,n368,n204,4,701,659,65.9,0.8147488534760301
2,20,70,10,n226,n192,5,701,445,44.5,0.7695474295696201
2,20,70,11,n279,n22,2,701,680,68.0,0.9172916227393662
2,20,70,12,n163,n66,3,701,669,66.9,0.8638828706489672
2,20,70,13,n32,n128,4,701,659,65.9,0.8147488534760301
2,20,70,14,n237,n185,5,701,571,57.1,0.7695474295696201
2,20,70,15,n391,n180,4,701,24,2.4,0.81474885347603
2,20,70,16,n361,n355,4,701,659,65.9,0.8147488534760301
2,20,70,17,n317,n210,2,701,680,68.0,0.9172916227393662
2,20,70,18,n272,n345,4,701,659,65.9,0.8147488534760301
2,20,70,19,n190,n154,4,701,659,65.9,0.8147488534760301
2,20,80,0,n6,n340,3,801,488,48.8,0.8638828706489672
2,20,80,1,n28,n285,2,801,777,77.7,0.9172916227393662
2,20,80,2,n212,n254,4,801,711,71.1,0.8147488534760301
2,20,80,3,n354,n371,5,801,576,57.6,0.7695474295696201
2,20,80,4,n105,n94,3,801,648,64.8,0.8638828706489672
2,20,80,5,n266,n3,3,801,765,76.5,0.8638828706489672
2,20,80,6,n186,n257,4,801,711,71.1,0.8147488534760301
2,20,80,7,n301,n358,4,801,711,71.1,0.8147488534760301
2,20,80,8,n125,n96,4,801,712,71.2,0.8147488534760301
2,20,80,9,n368,n204,4,801,711,71.1,0.8147488534760301
2,20,80,10,n226,n192,5,801,426,42.6,0.7695474295696201
2,20,80,11,n279,n22,2,801,777,77.7,0.9172916227393662
2,20,80,12,n163,n66,3,801,765,76.5,0.8638828706489672
2,20,80,13,n32,n128,4,801,711,71.1,0.8147488534760301
2,20,80,14,n237,n185,5,801,516,51.6,0.7695474295696201
2,20,80,15,n391,n180,4,801,141,14.1,0.8147488534760301
2,20,80,16,n361,n355,4,801,711,71.1,0.8147488534760301
2,20,80,17,n317,n210,2,801,777,77.7,0.9172916227393662
2,20,80,18,n272,n345,4,801,712,71.2,0.8147488534760301
2,20,80,19,n190,n154,4,801,711,71.1,0.8147488534760301
2,20,90,0,n6,n340,3,901,419,41.9,0.8638828706489672
2,20,90,1,n28,n285,2,901,874,87.4,0.9172916227393662
2,20,90,2,n212,n254,4,901,721,72.1,0.8147488534760301
2,20,90,3,n354,n371,5,901,580,58.0,0.7695474295696201
2,20,90,4,n105,n94,3,901,704,70.4,0.8638828706489672
2,20,90,5,n266,n3,3,901,860,86.0,0.8638828706489672
2,20,90,6,n186,n257,4,901,721,72.1,0.8147488534760301
2,20,90,7,n301,n358,4,901,721,72.1,0.8147488534760301
2,20,90,8,n125,n96,4,901,721,72.1,0.8147488534760301
2,20,90,9,n368,n204,4,901,721,72.1,0.8147488534760301
2,20,90,10,n226,n192,5,901,416,41.6,0.7695474295696201
2,20,90,11,n279,n22,2,901,874,87.4,0.9172916227393662
2,20,90,12,n163,n66,3,901,860,86.0,0.8638828706489672
2,20,90,13,n32,n128,4,901,721,72.1,0.8147488534760301
2,20,90,14,n237,n185,5,901,577,57.7,0.7695474295696201
2,20,90,15,n391,n180,4,901,21,2.1,0.8147488534760301
2,20,90,16,n361,n355,4,901,721,72.1,0.8147488534760301
2,20,90,17,n317,n210,2,901,874,87.4,0.9172916227393662
2,20,90,18,n272,n345,4,901,721,72.1,0.8147488534760301
2,20,90,19,n190,n154,4,901,721,72.1,0.8147488534760301
2,20,100,0,n6,n340,3,1001,437,43.7,0.8638828706489672
2,20,100,1,n28,n285,2,1001,971,97.1,0.9172916227393662
2,20,100,2,n212,n254,4,1001,717,71.7,0.8147488534760301
2,20,100,3,n354,n371,5,1001,585,58.5,0.7695474295696201
2,20,100,4,n105,n94,3,1001,713,71.3,0.8638828706489672
2,20,100,5,n266,n3,3,1001,938,93.8,0.8638828706489672
2,20,100,6,n186,n257,4,1001,716,71.6,0.8147488534760301
2,20,100,7,n301,n358,4,1001,717,71.7,0.8147488534760301
2,20,100,8,n125,n96,4,1001,717,71.7,0.8147488534760301
2,20,100,9,n368,n204,4,1001,717,71.7,0.8147488534760301
2,20,100,10,n226,n192,5,1001,401,40.1,0.7695474295696201
2,20,100,11,n279,n22,2,1001,971,97.1,0.9172916227393662
2,20,100,12,n163,n66,3,1001,938,93.8,0.8638828706489672
2,20,100,13,n32,n128,4,1001,717,71.7,0.8147488534760301
2,20,100,14,n237,n185,5,1001,536,53.6,0.7695474295696201
2,20,100,15,n391,n180,4,1001,108,10.8,0.8147488534760301
2,20,100,16,n361,n355,4,1001,717,71.7,0.8147488534760301
2,20,100,17,n317,n210,2,1001,971,97.1,0.9172916227393662
2,20,100,18,n272,n345,4,1001,717,71.7,0.8147488534760301
2,20,100,19,n190,n154,4,1001,717,71.7,0.8147488534760301
2,30,10,0,n6,n340,3,101,96,9.6,0.8638828706489672
2,30,10,1,n28,n285,2,101,98,9.8,0.9172916227393662
2,30,10,2,n212,n254,4,101,95,9.5,0.8147488534760301
2,30,10,3,n354,n371,5,101,93,9.3,0.7695474295696201
2,30,10,4,n105,n94,3,101,96,9.6,0.8638828706489672
2,30,10,5,n266,n3,3,101,96,9.6,0.8638828706489672
2,30,10,6,n186,n257,4,101,95,9.5,0.8147488534760301
2,30,10,7,n301,n358,4,101,95,9.5,0.8147488534760301
2,30,10,8,n125,n96,4,101,95,9.5,0.8147488534760301
2,30,10,9,n368,n204,4,101,95,9.5,0.8147488534760301
2,30,10,10,n226,n192,5,101,93,9.3,0.7695474295696201
2,30,10,11,n279,n22,2,101,98,9.8,0.9172916227393662
2,30,10,12,n163,n66,3,101,96,9.6,0.8638828706489672
2,30,10,13,n32,n128,4,101,95,9.5,0.8147488534760301
2,30,10,14,n237,n185,5,101,93,9.3,0.7695474295696201
2,30,10,15,n391,n180,4,101,95,9.5,0.8147488534760301
2,30,10,16,n361,n355,4,101,95,9.5,0.8147488534760301
2,30,10,17,n317,n210,2,101,98,9.8,0.9172916227393662
2,30,10,18,n272,n345,4,101,95,9.5,0.8147488534760301
2,30,10,19,n190,n154,4,101,95,9.5,0.8147488534760301
2,30,10,20,n277,n142,3,101,96,9.6,0.8638828706489672
2,30,10,21,n24,n199,4,101,95,9.5,0.8147488534760301
2,30,10,22,n155,n375,3,101,96,9.6,0.8638828706489672
2,30,10,23,n158,n369,4,101,95,9.5,0.8147488534760301
2,30,10,24,n294,n202,5,101,93,9.3,0.7695474295696201
2,30,10,25,n20,n172,4,101,95,9.5,0.8147488534760301
2,30,10,26,n383,n283,4,101,95,9.5,0.8147488534760301
2,30,10,27,n348,n137,5,101,93,9.3,0.7695474295696201
2,30,10,28,n201,n275,4,101,95,9.5,0.8147488534760301
2,30,10,29,n252,n261,3,101,96,9.6,0.8638828706489672
2,30,20,0,n6,n340,3,201,192,19.2,0.8638828706489672
2,30,20,1,n28,n285,2,201,195,19.5,0.9172916227393662
2,30,20,2,n212,n254,4,201,189,18.9,0.8147488534760301
2,30,20,3,n354,n371,5,201,186,18.6,0.7695474295696201
2,30,20,4,n105,n94,3,201,192,19.2,0.8638828706489672
2,30,20,5,n266,n3,3,201,192,19.2,0.8638828706489672
2,30,20,6,n186,n257,4,201,189,18.9,0.8147488534760301
2,30,20,7,n301,n358,4,201,189,18.9,0.8147488534760301
2,30,20,8,n125,n96,4,201,189,18.9,0.8147488534760301
2,30,20,9,n368,n204,4,201,189,18.9,0.8147488534760301
2,30,20,10,n226,n192,5,201,186,18.6,0.7695474295696201
2,30,20,11,n279,n22,2,201,195,19.5,0.9172916227393662
2,30,20,12,n163,n66,3,201,192,19.2,0.8638828706489672
2,30,20,13,n32,n128,4,201,189,18.9,0.8147488534760301
2,30,20,14,n237,n185,5,201,186,18.6,0.7695474295696201
2,30,20,15,n391,n180,4,201,189,18.9,0.8147488534760301
2,30,20,16,n361,n355,4,201,189,18.9,0.8147488534760301
2,30,20,17,n317,n210,2,201,195,19.5,0.9172916227393662
2,30,20,18,n272,n345,4,201,189,18.9,0.8147488534760301
2,30,20,19,n190,n154,4,201,189,18.9,0.8147488534760301
2,30,20,20,n277,n142,3,201,192,19.2,0.8638828706489672
2,30,20,21,n24,n199,4,201,189,18.9,0.8147488534760301
2,30,20,22,n155,n375,3,201,192,19.2,0.8638828706489672
2,30,20,23,n158,n369,4,201,189,18.9,0.8147488534760301
2,30,20,24,n294,n202,5,201,186,18.6,0.7695474295696201
2,30,20,25,n20,n172,4,201,189,18.9,0.8147488534760301
2,30,20,26,n383,n283,4,201,189,18.9,0.8147488534760301
2,30,20,27,n348,n137,5,201,186,18.6,0.7695474295696201
2,30,20,28,n201,n275,4,201,189,18.9,0.8147488534760301
2,30,20,29,n252,n261,3,201,192,19.2,0.8638828706489672
2,30,30,0,n6,n340,3,301,287,28.7,0.8638828706489672
2,30,30,1,n28,n285,2,301,292,29.2,0.9172916227393662
2,30,30,2,n212,n254,4,301,283,28.3,0.8147488534760301
2,30,30,3,n354,n371,5,301,278,27.8,0.7695474295696201
2,30,30,4,n105,n94,3,301,287,28.7,0.8638828706489672
2,30,30,5,n266,n3,3,301,287,28.7,0.8638828706489672
2,30,30,6,n186,n257,4,301,283,28.3,0.8147488534760301
2,30,30,7,n301,n358,4,301,283,28.3,0.8147488534760301
2,30,30,8,n125,n96,4,301,283,28.3,0.8147488534760301
2,30,30,9,n368,n204,4,301,283,28.3,0.8147488534760301
2,30,30,10,n226,n192,5,301,278,27.8,0.7695474295696201
2,30,30,11,n279,n22,2,301,292,29.2,0.9172916227393662
2,30,30,12,n163,n66,3,301,287,28.7,0.8638828706489672
2,30,30,13,n32,n128,4,301,283,28.3,0.8147488534760301
2,30,30,14,n237,n185,5,301,278,27.8,0.7695474295696201
2,30,30,15,n391,n180,4,301,283,28.3,0.8147488534760301
2,30,30,16,n361,n355,4,301,283,28.3,0.8147488534760301
2,30,30,17,n317,n210,2,301,292,29.2,0.9172916227393662
2,30,30,18,n272,n345,4,301,283,28.3,0.8147488534760301
2,30,30,19,n190,n154,4,301,283,28.3,0.8147488534760301
2,30,30,20,n277,n142,3,301,287,28.7,0.8638828706489672
2,30,30,21,n24,n199,4,301,283,28.3,0.8147488534760301
2,30,30,22,n155,n375,3,301,287,28.7,0.8638828706489672
2,30,30,23,n158,n369,4,301,283,28.3,0.8147488534760301
2,30,30,24,n294,n202,5,301,278,27.8,0.7695474295696201
2,30,30,25,n20,n172,4,301,283,28.3,0.8147488534760301
2,30,30,26,n383,n283,4,301,283,28.3,0.8147488534760301
2,30,30,27,n348,n137,5,301,278,27.8,0.7695474295696201
2,30,30,28,n201,n275,4,301,283,28.3,0.8147488534760301
2,30,30,29,n252,n261,3,301,287,28.7,0.8638828706489672
2,30,40,0,n6,n340,3,401,365,36.5,0.8638828706489672
2,30,40,1,n28,n285,2,401,389,38.9,0.9172916227393662
2,30,40,2,n212,n254,4,401,377,37.7,0.8147488534760301
2,30,40,3,n354,n371,5,401,371,37.1,0.7695474295696201
2,30,40,4,n105,n94,3,401,383,38.3,0.8638828706489672
2,30,40,5,n266,n3,3,401,383,38.3,0.8638828706489672
2,30,40,6,n186,n257,4,401,366,36.6,0.8147488534760301
2,30,40,7,n301,n358,4,401,377,37.7,0.8147488534760301
2,30,40,8,n125,n96,4,401,377,37.7,0.8147488534760301
2,30,40,9,n368,n204,4,401,377,37.7,0.8147488534760301
2,30,40,10,n226,n192,5,401,319,31.9,0.7695474295696201
2,30,40,11,n279,n22,2,401,389,38.9,0.9172916227393662
2,30,40,12,n163,n66,3,401,383,38.3,0.8638828706489672
2,30,40,13,n32,n128,4,401,377,37.7,0.8147488534760301
2,30,40,14,n237,n185,5,401,365,36.5,0.7695474295696201
2,30,40,15,n391,n180,4,401,361,36.1,0.8147488534760301
2,30,40,16,n361,n355,4,401,377,37.7,0.8147488534760301
2,30,40,17,n317,n210,2,401,389,38.9,0.9172916227393662
2,30,40,18,n272,n345,4,401,377,37.7,0.8147488534760301
2,30,40,19,n190,n154,4,401,377,37.7,0.8147488534760301
2,30,40,20,n277,n142,3,401,383,38.3,0.8638828706489672
2,30,40,21,n24,n199,4,401,377,37.7,0.8147488534760301
2,30,40,22,n155,n375,3,401,383,38.3,0.8638828706489672
2,30,40,23,n158,n369,4,401,377,37.7,0.8147488534760301
2,30,40,24,n294,n202,5,401,356,35.6,0.7695474295696201
2,30,40,25,n20,n172,4,401,377,37.7,0.8147488534760301
2,30,40,26,n383,n283,4,401,377,37.7,0.8147488534760301
2,30,40,27,n348,n137,5,401,322,32.2,0.7695474295696201
2,30,40,28,n201,n275,4,401,377,37.7,0.8147488534760301
2,30,40,29,n252,n261,3,401,383,38.3,0.8638828706489672
2,30,50,0,n6,n340,3,501,375,37.5,0.8638828706489672
2,30,50,1,n28,n285,2,501,486,48.6,0.9172916227393662
2,30,50,2,n212,n254,4,501,381,38.1,0.8147488534760301
2,30,50,3,n354,n371,5,501,463,46.3,0.7695474295696201
2,30,50,4,n105,n94,3,501,478,47.8,0.8638828706489672
2,30,50,5,n266,n3,3,501,478,47.8,0.8638828706489672
2,30,50,6,n186,n257,4,501,453,45.3,0.8147488534760301
2,30,50,7,n301,n358,4,501,471,47.1,0.8147488534760301
2,30,50,8,n125,n96,4,501,471,47.1,0.8147488534760301
2,30,50,9,n368,n204,4,501,471,47.1,0.8147488534760301
2,30,50,10,n226,n192,5,501,313,31.3,0.7695474295696201
2,30,50,11,n279,n22,2,501,486,48.6,0.9172916227393662
2,30,50,12,n163,n66,3,501,478,47.8,0.8638828706489672
2,30,50,13,n32,n128,4,501,471,47.1,0.8147488534760301
2,30,50,14,n237,n185,5,501,452,45.2,0.7695474295696201
2,30,50,15,n391,n180,4,501,233,23.3,0.8147488534760301
2,30,50,16,n361,n355,4,501,471,47.1,0.8147488534760301
2,30,50,17,n317,n210,2,501,486,48.6,0.9172916227393662
2,30,50,18,n272,n345,4,501,471,47.1,0.8147488534760301
2,30,50,19,n190,n154,4,501,384,38.4,0.8147488534760301
2,30,50,20,n277,n142,3,501,478,47.8,0.8638828706489672
2,30,50,21,n24,n199,4,501,471,47.1,0.8147488534760301
2,30,50,22,n155,n375,3,501,478,47.8,0.8638828706489672
2,30,50,23,n158,n369,4,501,471,47.1,0.8147488534760301
2,30,50,24,n294,n202,5,501,433,43.3,0.7695474295696201
2,30,50,25,n20,n172,4,501,471,47.1,0.8147488534760301
2,30,50,26,n383,n283,4,501,461,46.1,0.8147488534760301
2,30,50,27,n348,n137,5,501,310,31.0,0.7695474295696201
2,30,50,28,n201,n275,4,501,471,47.1,0.8147488534760301
2,30,50,29,n252,n261,3,501,478,47.8,0.8638828706489672
2,30,60,0,n6,n340,3,601,548,54.8,0.8638828706489672
2,30,60,1,n28,n285,2,601,583,58.3,0.9172916227393662
2,30,60,2,n212,n254,4,601,435,43.5,0.8147488534760301
2,30,60,3,n354,n371,5,601,556,55.6,0.7695474295696201
2,30,60,4,n105,n94,3,601,553,55.3,0.8638828706489672
2,30,60,5,n266,n3,3,601,574,57.4,0.8638828706489672
2,30,60,6,n186,n257,4,601,558,55.8,0.8147488534760301
2,30,60,7,n301,n358,4,601,565,56.5,0.8147488534760301
2,30,60,8,n125,n96,4,601,565,56.5,0.8147488534760301
2,30,60,9,n368,n204,4,601,565,56.5,0.8147488534760301
2,30,60,10,n226,n192,5,601,212,21.2,0.7695474295696201
2,30,60,11,n279,n22,2,601,583,58.3,0.9172916227393662
2,30,60,12,n163,n66,3,601,574,57.4,0.8638828706489672
2,30,60,13,n32,n128,4,601,565,56.5,0.8147488534760301
2,30,60,14,n237,n185,5,601,556,55.6,0.7695474295696201
2,30,60,15,n391,n180,4,601,26,2.6,0.81474885347603
2,30,60,16,n361,n355,4,601,565,56.5,0.8147488534760301
2,30,60,17,n317,n210,2,601,583,58.3,0.9172916227393662
2,30,60,18,n272,n345,4,601,565,56.5,0.8147488534760301
2,30,60,19,n190,n154,4,601,231,23.1,0.8147488534760301
2,30,60,20,n277,n142,3,601,574,57.4,0.8638828706489672
2,30,60,21,n24,n199,4,601,565,56.5,0.8147488534760301
2,30,60,22,n155,n375,3,601,574,57.4,0.8638828706489672
2,30,60,23,n158,n369,4,601,522,52.2,0.8147488534760301
2,30,60,24,n294,n202,5,601,513,51.3,0.7695474295696201
2,30,60,25,n20,n172,4,601,565,56.5,0.8147488534760301
2,30,60,26,n383,n283,4,601,565,56.5,0.8147488534760301
2,30,60,27,n348,n137,5,601,202,20.2,0.7695474295696201
2,30,60,28,n201,n275,4,601,565,56.5,0.8147488534760301
2,30,60,29,n252,n261,3,601,574,57.4,0.8638828706489672
2,30,70,0,n6,n340,3,701,457,45.7,0.8638828706489672
2,30,70,1,n28,n285,2,701,680,68.0,0.9172916227393662
2,30,70,2,n212,n254,4,701,434,43.4,0.8147488534760301
2,30,70,3,n354,n371,5,701,571,57.1,0.7695474295696201
2,30,70,4,n105,n94,3,701,633,63.3,0.8638828706489672
2,30,70,5,n266,n3,3,701,669,66.9,0.8638828706489672
2,30,70,6,n186,n257,4,701,563,56.3,0.8147488534760301
2,30,70,7,n301,n358,4,701,659,65.9,0.8147488534760301
2,30,70,8,n125,n96,4,701,659,65.9,0.8147488534760301
2,30,70,9,n368,n204,4,701,571,57.1,0.8147488534760301
2,30,70,10,n226,n192,5,701,279,27.9,0.7695474295696201
2,30,70,11,n279,n22,2,701,680,68.0,0.9172916227393662
2,30,70,12,n163,n66,3,701,625,62.5,0.8638828706489672
2,30,70,13,n32,n128,4,701,571,57.1,0.8147488534760301
2,30,70,14,n237,n185,5,701,571,57.1,0.7695474295696201
2,30,70,15,n391,n180,4,701,23,2.3,0.81474885347603
2,30,70,16,n361,n355,4,701,659,65.9,0.8147488534760301
2,30,70,17,n317,n210,2,701,680,68.0,0.9172916227393662
2,30,70,18,n272,n345,4,701,659,65.9,0.8147488534760301
2,30,70,19,n190,n154,4,701,107,10.7,0.8147488534760301
2,30,70,20,n277,n142,3,701,669,66.9,0.8638828706489672
2,30,70,21,n24,n199,4,701,530,53.0,0.8147488534760301
2,30,70,22,n155,n375,3,701,669,66.9,0.8638828706489672
2,30,70,23,n158,n369,4,701,567,56.7,0.8147488534760301
2,30,70,24,n294,n202,5,701,525,52.5,0.7695474295696201
2,30,70,25,n20,n172,4,701,485,48.5,0.8147488534760301
2,30,70,26,n383,n283,4,701,659,65.9,0.8147488534760301
2,30,70,27,n348,n137,5,701,218,21.8,0.7695474295696201
2,30,70,28,n201,n275,4,701,659,65.9,0.8147488534760301
2,30,70,29,n252,n261,3,701,669,66.9,0.8638828706489672
2,30,80,0,n6,n340,3,801,384,38.4,0.8638828706489672
2,30,80,1,n28,n285,2,801,716,71.6,0.9172916227393662
2,30,80,2,n212,n254,4,801,418,41.8,0.8147488534760301
2,30,80,3,n354,n371,5,801,576,57.6,0.7695474295696201
2,30,80,4,n105,n94,3,801,729,72.9,0.8638828706489672
2,30,80,5,n266,n3,3,801,765,76.5,0.8638828706489672
2,30,80,6,n186,n257,4,801,541,54.1,0.8147488534760301
2,30,80,7,n301,n358,4,801,712,71.2,0.8147488534760301
2,30,80,8,n125,n96,4,801,714,71.4,0.8147488534760301
2,30,80,9,n368,n204,4,801,637,63.7,0.8147488534760301
2,30,80,10,n226,n192,5,801,320,32.0,0.7695474295696201
2,30,80,11,n279,n22,2,801,694,69.4,0.9172916227393662
2,30,80,12,n163,n66,3,801,660,66.0,0.8638828706489672
2,30,80,13,n32,n128,4,801,568,56.8,0.8147488534760301
2,30,80,14,n237,n185,5,801,479,47.9,0.7695474295696201
2,30,80,15,n391,n180,4,801,170,17.0,0.8147488534760301
2,30,80,16,n361,n355,4,801,714,71.4,0.8147488534760301
2,30,80,17,n317,n210,2,801,777,77.7,0.9172916227393662
2,30,80,18,n272,n345,4,801,708,70.8,0.8147488534760301
2,30,80,19,n190,n154,4,801,282,28.2,0.8147488534760301
2,30,80,20,n277,n142,3,801,746,74.6,0.8638828706489672
2,30,80,21,n24,n199,4,801,554,55.4,0.8147488534760301
2,30,80,22,n155,n375,3,801,746,74.6,0.8638828706489672
2,30,80,23,n158,n369,4,801,482,48.2,0.8147488534760301
2,30,80,24,n294,n202,5,801,433,43.3,0.7695474295696201
2,30,80,25,n20,n172,4,801,477,47.7,0.8147488534760301
2,30,80,26,n383,n283,4,801,551,55.1,0.8147488534760301
2,30,80,27,n348,n137,5,801,249,24.9,0.7695474295696201
2,30,80,28,n201,n275,4,801,700,70.0,0.8147488534760301
2,30,80,29,n252,n261,3,801,765,76.5,0.8638828706489672
2,30,90,0,n6,n340,3,901,398,39.8,0.8638828706489672
2,30,90,1,n28,n285,2,901,872,87.2,0.9172916227393662
2,30,90,2,n212,n254,4,901,450,45.0,0.8147488534760301
2,30,90,3,n354,n371,5,901,580,58.0,0.7695474295696201
2,30,90,4,n105,n94,3,901,729,72.9,0.8638828706489672
2,30,90,5,n266,n3,3,901,860,86.0,0.8638828706489672
2,30,90,6,n186,n257,4,901,596,59.6,0.8147488534760301
2,30,90,7,n301,n358,4,901,721,72.1,0.8147488534760301
2,30,90,8,n125,n96,4,901,721,72.1,0.8147488534760301
2,30,90,9,n368,n204,4,901,589,58.9,0.8147488534760301
2,30,90,10,n226,n192,5,901,276,27.6,0.7695474295696201
2,30,90,11,n279,n22,2,901,871,87.1,0.9172916227393662
2,30,90,12,n163,n66,3,901,771,77.1,0.8638828706489672
2,30,90,13,n32,n128,4,901,559,55.9,0.8147488534760301
2,30,90,14,n237,n185,5,901,577,57.7,0.7695474295696201
2,30,90,15,n391,n180,4,901,20,2.0,0.8147488534760301
2,30,90,16,n361,n355,4,901,721,72.1,0.8147488534760301
2,30,90,17,n317,n210,2,901,874,87.4,0.9172916227393662
2,30,90,18,n272,n345,4,901,650,65.0,0.8147488534760301
2,30,90,19,n190,n154,4,901,22,2.2,0.8147488534760301
2,30,90,20,n277,n142,3,901,770,77.0,0.8638828706489672
2,30,90,21,n24,n199,4,901,409,40.9,0.8147488534760301
2,30,90,22,n155,n375,3,901,770,77.0,0.8638828706489672
2,30,90,23,n158,n369,4,901,551,55.1,0.8147488534760301
2,30,90,24,n294,n202,5,901,454,45.4,0.7695474295696201
2,30,90,25,n20,n172,4,901,361,36.1,0.8147488534760301
2,30,90,26,n383,n283,4,901,720,72.0,0.8147488534760301
2,30,90,27,n348,n137,5,901,199,19.9,0.7695474295696201
2,30,90,28,n201,n275,4,901,679,67.9,0.8147488534760301
2,30,90,29,n252,n261,3,901,860,86.0,0.8638828706489672
2,30,100,0,n6,n340,3,1001,392,39.2,0.8638828706489672
2,30,100,1,n28,n285,2,1001,824,82.4,0.9172916227393662
2,30,100,2,n212,n254,4,1001,454,45.4,0.8147488534760301
2,30,100,3,n354,n371,5,1001,585,58.5,0.7695474295696201
2,30,100,4,n105,n94,3,1001,755,75.5,0.8638828706489672
2,30,100,5,n266,n3,3,1001,938,93.8,0.8638828706489672
2,30,100,6,n186,n257,4,1001,572,57.2,0.8147488534760301
2,30,100,7,n301,n358,4,1001,718,71.8,0.8147488534760301
2,30,100,8,n125,n96,4,1001,717,71.7,0.8147488534760301
2,30,100,9,n368,n204,4,1001,655,65.5,0.8147488534760301
2,30,100,10,n226,n192,5,1001,289,28.9,0.7695474295696201
2,30,100,11,n279,n22,2,1001,817,81.7,0.9172916227393662
2,30,100,12,n163,n66,3,1001,783,78.3,0.8638828706489672
2,30,100,13,n32,n128,4,1001,517,51.7,0.8147488534760301
2,30,100,14,n237,n185,5,1001,517,51.7,0.7695474295696201
2,30,100,15,n391,n180,4,1001,114,11.4,0.8147488534760301
2,30,100,16,n361,n355,4,1001,717,71.7,0.8147488534760301
2,30,100,17,n317,n210,2,1001,971,97.1,0.9172916227393662
2,30,100,18,n272,n345,4,1001,629,62.9,0.8147488534760301
2,30,100,19,n190,n154,4,1001,217,21.7,0.8147488534760301
2,30,100,20,n277,n142,3,1001,757,75.7,0.8638828706489672
2,30,100,21,n24,n199,4,1001,464,46.4,0.8147488534760301
2,30,100,22,n155,n375,3,1001,776,77.6,0.8638828706489672
2,30,100,23,n158,n369,4,1001,481,48.1,0.8147488534760301
2,30,100,24,n294,n202,5,1001,440,44.0,0.7695474295696201
2,30,100,25,n20,n172,4,1001,371,37.1,0.8147488534760301
2,30,100,26,n383,n283,4,1001,596,59.6,0.8147488534760301
2,30,100,27,n348,n137,5,1001,200,20.0,0.7695474295696201
2,30,100,28,n201,n275,4,1001,643,64.3,0.8147488534760301
2,30,100,29,n252,n261,3,1001,938,93.8,0.8638828706489672
2,40,10,0,n6,n340,3,101,96,9.6,0.8638828706489672
2,40,10,1,n28,n285,2,101,98,9.8,0.9172916227393662
2,40,10,2,n212,n254,4,101,95,9.5,0.8147488534760301
2,40,10,3,n354,n371,5,101,93,9.3,0.7695474295696201
2,40,10,4,n105,n94,3,101,96,9.6,0.8638828706489672
2,40,10,5,n266,n3,3,101,96,9.6,0.8638828706489672
2,40,10,6,n186,n257,4,101,95,9.5,0.8147488534760301
2,40,10,7,n301,n358,4,101,95,9.5,0.8147488534760301
2,40,10,8,n125,n96,4,101,95,9.5,0.8147488534760301
2,40,10,9,n368,n204,4,101,95,9.5,0.8147488534760301
2,40,10,10,n226,n192,5,101,93,9.3,0.7695474295696201
2,40,10,11,n279,n22,2,101,98,9.8,0.9172916227393662
2,40,10,12,n163,n66,3,101,96,9.6,0.8638828706489672
2,40,10,13,n32,n128,4,101,95,9.5,0.8147488534760301
2,40,10,14,n237,n185,5,101,93,9.3,0.7695474295696201
2,40,10,15,n391,n180,4,101,95,9.5,0.8147488534760301
2,40,10,16,n361,n355,4,101,95,9.5,0.8147488534760301
2,40,10,17,n317,n210,2,101,98,9.8,0.9172916227393662
2,40,10,18,n272,n345,4,101,95,9.5,0.8147488534760301
2,40,10,19,n190,n154,4,101,95,9.5,0.8147488534760301
2,40,10,20,n277,n142,3,101,96,9.6,0.8638828706489672
2,40,10,21,n24,n199,4,101,95,9.5,0.8147488534760301
2,40,10,22,n155,n375,3,101,96,9.6,0.8638828706489672
2,40,10,23,n158,n369,4,101,95,9.5,0.8147488534760301
2,40,10,24,n294,n202,5,101,93,9.3,0.7695474295696201
2,40,10,25,n20,n172,4,101,95,9.5,0.8147488534760301
2,40,10,26,n383,n283,4,101,95,9.5,0.8147488534760301
2,40,10,27,n348,n137,5,101,93,9.3,0.7695474295696201
2,40,10,28,n201,n275,4,101,95,9.5,0.8147488534760301
2,40,10,29,n252,n261,3,101,96,9.6,0.8638828706489672
2,40,10,30,n344,n390,3,101,96,9.6,0.8638828706489672
2,40,10,31,n328,n221,4,101,95,9.5,0.8147488534760301
2,40,10,32,n30,n51,3,101,96,9.6,0.8638828706489672
2,40,10,33,n136,n347,4,101,95,9.5,0.8147488534760301
2,40,10,34,n171,n333,4,101,95,9.5,0.8147488534760301
2,40,10,35,n86,n133,1,101,99,9.9,0.9753470182469989
2,40,10,36,n167,n107,3,101,96,9.6,0.8638828706489672
2,40,10,37,n91,n184,4,101,95,9.5,0.8147488534760301
2,40,10,38,n330,n74,4,101,95,9.5,0.8147488534760301
2,40,10,39,n342,n242,3,101,96,9.6,0.8638828706489672
2,40,20,0,n6,n340,3,201,192,19.2,0.8638828706489672
2,40,20,1,n28,n285,2,201,195,19.5,0.9172916227393662
2,40,20,2,n212,n254,4,201,189,18.9,0.8147488534760301
2,40,20,3,n354,n371,5,201,186,18.6,0.7695474295696201
2,40,20,4,n105,n94,3,201,192,19.2,0.8638828706489672
2,40,20,5,n266,n3,3,201,192,19.2,0.8638828706489672
2,40,20,6,n186,n257,4,201,189,18.9,0.8147488534760301
2,40,20,7,n301,n358,4,201,189,18.9,0.8147488534760301
2,40,20,8,n125,n96,4,201,189,18.9,0.8147488534760301
2,40,20,9,n368,n204,4,201,189,18.9,0.8147488534760301
2,40,20,10,n226,n192,5,201,186,18.6,0.7695474295696201
2,40,20,11,n279,n22,2,201,195,19.5,0.9172916227393662
2,40,20,12,n163,n66,3,201,192,19.2,0.8638828706489672
2,40,20,13,n32,n128,4,201,189,18.9,0.8147488534760301
2,40,20,14,n237,n185,5,201,186,18.6,0.7695474295696201
2,40,20,15,n391,n180,4,201,189,18.9,0.8147488534760301
2,40,20,16,n361,n355,4,201,189,18.9,0.8147488534760301
2,40,20,17,n317,n210,2,201,195,19.5,0.9172916227393662
2,40,20,18,n272,n345,4,201,189,18.9,0.8147488534760301
2,40,20,19,n190,n154,4,201,189,18.9,0.8147488534760301
2,40,20,20,n277,n142,3,201,192,19.2,0.8638828706489672
2,40,20,21,n24,n199,4,201,189,18.9,0.8147488534760301
2,40,20,22,n155,n375,3,201,192,19.2,0.8638828706489672
2,40,20,23,n158,n369,4,201,189,18.9,0.8147488534760301
2,40,20,24,n294,n202,5,201,186,18.6,0.7695474295696201
2,40,20,25,n20,n172,4,201,189,18.9,0.8147488534760301
2,40,20,26,n383,n283,4,201,189,18.9,0.8147488534760301
2,40,20,27,n348,n137,5,201,186,18.6,0.7695474295696201
2,40,20,28,n201,n275,4,201,189,18.9,0.8147488534760301
2,40,20,29,n252,n261,3,201,192,19.2,0.8638828706489672
2,40,20,30,n344,n390,3,201,192,19.2,0.8638828706489672
2,40,20,31,n328,n221,4,201,189,18.9,0.8147488534760301
2,40,20,32,n30,n51,3,201,192,19.2,0.8638828706489672
2,40,20,33,n136,n347,4,201,189,18.9,0.8147488534760301
2,40,20,34,n171,n333,4,201,189,18.9,0.8147488534760301
2,40,20,35,n86,n133,1,201,198,19.8,0.9753470182469989
2,40,20,36,n167,n107,3,201,192,19.2,0.8638828706489672
2,40,20,37,n91,n184,4,201,189,18.9,0.8147488534760301
2,40,20,38,n330,n74,4,201,189,18.9,0.8147488534760301
2,40,20,39,n342,n242,3,201,192,19.2,0.8638828706489672
2,40,30,0,n6,n340,3,301,287,28.7,0.8638828706489672
2,40,30,1,n28,n285,2,301,292,29.2,0.9172916227393662
2,40,30,2,n212,n254,4,301,283,28.3,0.8147488534760301
2,40,30,3,n354,n371,5,301,278,27.8,0.7695474295696201
2,40,30,4,n105,n94,3,301,287,28.7,0.8638828706489672
2,40,30,5,n266,n3,3,301,287,28.7,0.8638828706489672
2,40,30,6,n186,n257,4,301,283,28.3,0.8147488534760301
2,40,30,7,n301,n358,4,301,283,28.3,0.8147488534760301
2,40,30,8,n125,n96,4,301,283,28.3,0.8147488534760301
2,40,30,9,n368,n204,4,301,283,28.3,0.8147488534760301
2,40,30,10,n226,n192,5,301,278,27.8,0.7695474295696201
2,40,30,11,n279,n22,2,301,292,29.2,0.9172916227393662
2,40,30,12,n163,n66,3,301,287,28.7,0.8638828706489672
2,40,30,13,n32,n128,4,301,283,28.3,0.8147488534760301
2,40,30,14,n237,n185,5,301,278,27.8,0.7695474295696201
2,40,30,15,n391,n180,4,301,283,28.3,0.8147488534760301
2,40,30,16,n361,n355,4,301,283,28.3,0.8147488534760301
2,40,30,17,n317,n210,2,301,292,29.2,0.9172916227393662
2,40,30,18,n272,n345,4,301,283,28.3,0.8147488534760301
2,40,30,19,n190,n154,4,301,283,28.3,0.8147488534760301
2,40,30,20,n277,n142,3,301,287,28.7,0.8638828706489672
2,40,30,21,n24,n199,4,301,283,28.3,0.8147488534760301
2,40,30,22,n155,n375,3,301,287,28.7,0.8638828706489672
2,40,30,23,n158,n369,4,301,283,28.3,0.8147488534760301
2,40,30,24,n294,n202,5,301,278,27.8,0.7695474295696201
2,40,30,25,n20,n172,4,301,283,28.3,0.8147488534760301
2,40,30,26,n383,n283,4,301,283,28.3,0.8147488534760301
2,40,30,27,n348,n137,5,301,278,27.8,0.7695474295696201
2,40,30,28,n201,n275,4,301,283,28.3,0.8147488534760301
2,40,30,29,n252,n261,3,301,287,28.7,0.8638828706489672
2,40,30,30,n344,n390,3,301,287,28.7,0.8638828706489672
2,40,30,31,n328,n221,4,301,283,28.3,0.8147488534760301
2,40,30,32,n30,n51,3,301,287,28.7,0.8638828706489672
2,40,30,33,n136,n347,4,301,283,28.3,0.8147488534760301
2,40,30,34,n171,n333,4,301,283,28.3,0.8147488534760301
2,40,30,35,n86,n133,1,301,296,29.6,0.9753470182469989
2,40,30,36,n167,n107,3,301,287,28.7,0.8638828706489672
2,40,30,37,n91,n184,4,301,283,28.3,0.8147488534760301
2,40,30,38,n330,n74,4,301,283,28.3,0.8147488534760301
2,40,30,39,n342,n242,3,301,287,28.7,0.8638828706489672
2,40,40,0,n6,n340,3,401,358,35.8,0.8638828706489672
2,40,40,1,n28,n285,2,401,389,38.9,0.9172916227393662
2,40,40,2,n212,n254,4,401,376,37.6,0.8147488534760301
2,40,40,3,n354,n371,5,401,371,37.1,0.7695474295696201
2,40,40,4,n105,n94,3,401,383,38.3,0.8638828706489672
2,40,40,5,n266,n3,3,401,383,38.3,0.8638828706489672
2,40,40,6,n186,n257,4,401,363,36.3,0.8147488534760301
2,40,40,7,n301,n358,4,401,377,37.7,0.8147488534760301
2,40,40,8,n125,n96,4,401,377,37.7,0.8147488534760301
2,40,40,9,n368,n204,4,401,377,37.7,0.8147488534760301
2,40,40,10,n226,n192,5,401,322,32.2,0.7695474295696201
2,40,40,11,n279,n22,2,401,389,38.9,0.9172916227393662
2,40,40,12,n163,n66,3,401,383,38.3,0.8638828706489672
2,40,40,13,n32,n128,4,401,377,37.7,0.8147488534760301
2,40,40,14,n237,n185,5,401,366,36.6,0.7695474295696201
2,40,40,15,n391,n180,4,401,350,35.0,0.8147488534760301
2,40,40,16,n361,n355,4,401,377,37.7,0.8147488534760301
2,40,40,17,n317,n210,2,401,389,38.9,0.9172916227393662
2,40,40,18,n272,n345,4,401,377,37.7,0.8147488534760301
2,40,40,19,n190,n154,4,401,377,37.7,0.8147488534760301
2,40,40,20,n277,n142,3,401,383,38.3,0.8638828706489672
2,40,40,21,n24,n199,4,401,377,37.7,0.8147488534760301
2,40,40,22,n155,n375,3,401,383,38.3,0.8638828706489672
2,40,40,23,n158,n369,4,401,377,37.7,0.8147488534760301
2,40,40,24,n294,n202,5,401,363,36.3,0.7695474295696201
2,40,40,25,n20,n172,4,401,377,37.7,0.8147488534760301
2,40,40,26,n383,n283,4,401,377,37.7,0.8147488534760301
2,40,40,27,n348,n137,5,401,324,32.4,0.7695474295696201
2,40,40,28,n201,n275,4,401,377,37.7,0.8147488534760301
2,40,40,29,n252,n261,3,401,383,38.3,0.8638828706489672
2,40,40,30,n344,n390,3,401,383,38.3,0.8638828706489672
2,40,40,31,n328,n221,4,401,377,37.7,0.8147488534760301
2,40,40,32,n30,n51,3,401,383,38.3,0.8638828706489672
2,40,40,33,n136,n347,4,401,377,37.7,0.8147488534760301
2,40,40,34,n171,n333,4,401,377,37.7,0.8147488534760301
2,40,40,35,n86,n133,1,401,395,39.5,0.9753470182469989
2,40,40,36,n167,n107,3,401,383,38.3,0.8638828706489672
2,40,40,37,n91,n184,4,401,377,37.7,0.8147488534760301
2,40,40,38,n330,n74,4,401,377,37.7,0.8147488534760301
2,40,40,39,n342,n242,3,401,383,38.3,0.8638828706489672
2,40,50,0,n6,n340,3,501,384,38.4,0.8638828706489672
2,40,50,1,n28,n285,2,501,486,48.6,0.9172916227393662
2,40,50,2,n212,n254,4,501,391,39.1,0.8147488534760301
2,40,50,3,n354,n371,5,501,463,46.3,0.7695474295696201
2,40,50,4,n105,n94,3,501,478,47.8,0.8638828706489672
2,40,50,5,n266,n3,3,501,478,47.8,0.8638828706489672
2,40,50,6,n186,n257,4,501,437,43.7,0.8147488534760301
2,40,50,7,n301,n358,4,501,471,47.1,0.8147488534760301
2,40,50,8,n125,n96,4,501,471,47.1,0.8147488534760301
2,40,50,9,n368,n204,4,501,471,47.1,0.8147488534760301
2,40,50,10,n226,n192,5,501,321,32.1,0.7695474295696201
2,40,50,11,n279,n22,2,501,486,48.6,0.9172916227393662
2,40,50,12,n163,n66,3,501,478,47.8,0.8638828706489672
2,40,50,13,n32,n128,4,501,471,47.1,0.8147488534760301
2,40,50,14,n237,n185,5,501,440,44.0,0.7695474295696201
2,40,50,15,n391,n180,4,501,248,24.8,0.8147488534760301
2,40,50,16,n361,n355,4,501,471,47.1,0.8147488534760301
2,40,50,17,n317,n210,2,501,486,48.6,0.9172916227393662
2,40,50,18,n272,n345,4,501,458,45.8,0.8147488534760301
2,40,50,19,n190,n154,4,501,390,39.0,0.8147488534760301
2,40,50,20,n277,n142,3,501,478,47.8,0.8638828706489672
2,40,50,21,n24,n199,4,501,458,45.8,0.8147488534760301
2,40,50,22,n155,n375,3,501,478,47.8,0.8638828706489672
2,40,50,23,n158,n369,4,501,471,47.1,0.8147488534760301
2,40,50,24,n294,n202,5,501,438,43.8,0.7695474295696201
2,40,50,25,n20,n172,4,501,471,47.1,0.8147488534760301
2,40,50,26,n383,n283,4,501,460,46.0,0.8147488534760301
2,40,50,27,n348,n137,5,501,301,30.1,0.7695474295696201
2,40,50,28,n201,n275,4,501,459,45.9,0.8147488534760301
2,40,50,29,n252,n261,3,501,478,47.8,0.8638828706489672
2,40,50,30,n344,n390,3,501,401,40.1,0.8638828706489672
2,40,50,31,n328,n221,4,501,388,38.8,0.8147488534760301
2,40,50,32,n30,n51,3,501,478,47.8,0.8638828706489672
2,40,50,33,n136,n347,4,501,459,45.9,0.8147488534760301
2,40,50,34,n171,n333,4,501,460,46.0,0.8147488534760301
2,40,50,35,n86,n133,1,501,493,49.3,0.9753470182469989
2,40,50,36,n167,n107,3,501,478,47.8,0.8638828706489672
2,40,50,37,n91,n184,4,501,391,39.1,0.8147488534760301
2,40,50,38,n330,n74,4,501,393,39.3,0.8147488534760301
2,40,50,39,n342,n242,3,501,398,39.8,0.8638828706489672
2,40,60,0,n6,n340,3,601,546,54.6,0.8638828706489672
2,40,60,1,n28,n285,2,601,583,58.3,0.9172916227393662
2,40,60,2,n212,n254,4,601,435,43.5,0.8147488534760301
2,40,60,3,n354,n371,5,601,556,55.6,0.7695474295696201
2,40,60,4,n105,n94,3,601,555,55.5,0.8638828706489672
2,40,60,5,n266,n3,3,601,574,57.4,0.8638828706489672
2,40,60,6,n186,n257,4,601,558,55.8,0.8147488534760301
2,40,60,7,n301,n358,4,601,565,56.5,0.8147488534760301
2,40,60,8,n125,n96,4,601,565,56.5,0.8147488534760301
2,40,60,9,n368,n204,4,601,565,56.5,0.8147488534760301
2,40,60,10,n226,n192,5,601,209,20.9,0.7695474295696201
2,40,60,11,n279,n22,2,601,583,58.3,0.9172916227393662
2,40,60,12,n163,n66,3,601,574,57.4,0.8638828706489672
2,40,60,13,n32,n128,4,601,565,56.5,0.8147488534760301
2,40,60,14,n237,n185,5,601,556,55.6,0.7695474295696201
2,40,60,15,n391,n180,4,601,26,2.6,0.81474885347603
2,40,60,16,n361,n355,4,601,522,52.2,0.8147488534760301
2,40,60,17,n317,n210,2,601,583,58.3,0.9172916227393662
2,40,60,18,n272,n345,4,601,565,56.5,0.8147488534760301
2,40,60,19,n190,n154,4,601,231,23.1,0.8147488534760301
2,40,60,20,n277,n142,3,601,574,57.4,0.8638828706489672
2,40,60,21,n24,n199,4,601,565,56.5,0.8147488534760301
2,40,60,22,n155,n375,3,601,574,57.4,0.8638828706489672
2,40,60,23,n158,n369,4,601,522,52.2,0.8147488534760301
2,40,60,24,n294,n202,5,601,513,51.3,0.7695474295696201
2,40,60,25,n20,n172,4,601,565,56.5,0.8147488534760301
2,40,60,26,n383,n283,4,601,565,56.5,0.8147488534760301
2,40,60,27,n348,n137,5,601,207,20.7,0.7695474295696201
2,40,60,28,n201,n275,4,601,565,56.5,0.8147488534760301
2,40,60,29,n252,n261,3,601,574,57.4,0.8638828706489672
2,40,60,30,n344,n390,3,601,228,22.8,0.8638828706489672
2,40,60,31,n328,n221,4,601,412,41.2,0.8147488534760301
2,40,60,32,n30,n51,3,601,574,57.4,0.8638828706489672
2,40,60,33,n136,n347,4,601,565,56.5,0.8147488534760301
2,40,60,34,n171,n333,4,601,388,38.8,0.8147488534760301
2,40,60,35,n86,n133,1,601,592,59.2,0.9753470182469989
2,40,60,36,n167,n107,3,601,574,57.4,0.8638828706489672
2,40,60,37,n91,n184,4,601,225,22.5,0.8147488534760301
2,40,60,38,n330,n74,4,601,225,22.5,0.8147488534760301
2,40,60,39,n342,n242,3,601,228,22.8,0.8638828706489672
2,40,70,0,n6,n340,3,701,443,44.3,0.8638828706489672
2,40,70,1,n28,n285,2,701,680,68.0,0.9172916227393662
2,40,70,2,n212,n254,4,701,441,44.1,0.8147488534760301
2,40,70,3,n354,n371,5,701,571,57.1,0.7695474295696201
2,40,70,4,n105,n94,3,701,640,64.0,0.8638828706489672
2,40,70,5,n266,n3,3,701,669,66.9,0.8638828706489672
2,40,70,6,n186,n257,4,701,563,56.3,0.8147488534760301
2,40,70,7,n301,n358,4,701,659,65.9,0.8147488534760301
2,40,70,8,n125,n96,4,701,659,65.9,0.8147488534760301
2,40,70,9,n368,n204,4,701,571,57.1,0.8147488534760301
2,40,70,10,n226,n192,5,701,291,29.1,0.7695474295696201
2,40,70,11,n279,n22,2,701,680,68.0,0.9172916227393662
2,40,70,12,n163,n66,3,701,611,61.1,0.8638828706489672
2,40,70,13,n32,n128,4,701,571,57.1,0.8147488534760301
2,40,70,14,n237,n185,5,701,571,57.1,0.7695474295696201
2,40,70,15,n391,n180,4,701,23,2.3,0.81474885347603
2,40,70,16,n361,n355,4,701,571,57.1,0.8147488534760301
2,40,70,17,n317,n210,2,701,680,68.0,0.9172916227393662
2,40,70,18,n272,n345,4,701,622,62.2,0.8147488534760301
2,40,70,19,n190,n154,4,701,107,10.7,0.8147488534760301
2,40,70,20,n277,n142,3,701,669,66.9,0.8638828706489672
2,40,70,21,n24,n199,4,701,521,52.1,0.8147488534760301
2,40,70,22,n155,n375,3,701,669,66.9,0.8638828706489672
2,40,70,23,n158,n369,4,701,567,56.7,0.8147488534760301
2,40,70,24,n294,n202,5,701,525,52.5,0.7695474295696201
2,40,70,25,n20,n172,4,701,498,49.8,0.8147488534760301
2,40,70,26,n383,n283,4,701,659,65.9,0.8147488534760301
2,40,70,27,n348,n137,5,701,211,21.1,0.7695474295696201
2,40,70,28,n201,n275,4,701,622,62.2,0.8147488534760301
2,40,70,29,n252,n261,3,701,669,66.9,0.8638828706489672
2,40,70,30,n344,n390,3,701,297,29.7,0.8638828706489672
2,40,70,31,n328,n221,4,701,430,43.0,0.8147488534760301
2,40,70,32,n30,n51,3,701,669,66.9,0.8638828706489672
2,40,70,33,n136,n347,4,701,622,62.2,0.8147488534760301
2,40,70,34,n171,n333,4,701,355,35.5,0.8147488534760301
2,40,70,35,n86,n133,1,701,690,69.0,0.9753470182469989
2,40,70,36,n167,n107,3,701,577,57.7,0.8638828706489672
2,40,70,37,n91,n184,4,701,152,15.2,0.8147488534760301
2,40,70,38,n330,n74,4,701,152,15.2,0.8147488534760301
2,40,70,39,n342,n242,3,701,152,15.2,0.8638828706489672
2,40,80,0,n6,n340,3,801,396,39.6,0.8638828706489672
2,40,80,1,n28,n285,2,801,715,71.5,0.9172916227393662
2,40,80,2,n212,n254,4,801,441,44.1,0.8147488534760301
2,40,80,3,n354,n371,5,801,576,57.6,0.7695474295696201
2,40,80,4,n105,n94,3,801,715,71.5,0.8638828706489672
2,40,80,5,n266,n3,3,801,743,74.3,0.8638828706489672
2,40,80,6,n186,n257,4,801,552,55.2,0.8147488534760301
2,40,80,7,n301,n358,4,801,713,71.3,0.8147488534760301
2,40,80,8,n125,n96,4,801,712,71.2,0.8147488534760301
2,40,80,9,n368,n204,4,801,630,63.0,0.8147488534760301
2,40,80,10,n226,n192,5,801,317,31.7,0.7695474295696201
2,40,80,11,n279,n22,2,801,748,74.8,0.9172916227393662
2,40,80,12,n163,n66,3,801,619,61.9,0.8638828706489672
2,40,80,13,n32,n128,4,801,559,55.9,0.8147488534760301
2,40,80,14,n237,n185,5,801,497,49.7,0.7695474295696201
2,40,80,15,n391,n180,4,801,147,14.7,0.8147488534760301
2,40,80,16,n361,n355,4,801,556,55.6,0.8147488534760301
2,40,80,17,n317,n210,2,801,777,77.7,0.9172916227393662
2,40,80,18,n272,n345,4,801,584,58.4,0.8147488534760301
2,40,80,19,n190,n154,4,801,264,26.4,0.8147488534760301
2,40,80,20,n277,n142,3,801,743,74.3,0.8638828706489672
2,40,80,21,n24,n199,4,801,473,47.3,0.8147488534760301
2,40,80,22,n155,n375,3,801,745,74.5,0.8638828706489672
2,40,80,23,n158,n369,4,801,495,49.5,0.8147488534760301
2,40,80,24,n294,n202,5,801,440,44.0,0.7695474295696201
2,40,80,25,n20,n172,4,801,494,49.4,0.8147488534760301
2,40,80,26,n383,n283,4,801,556,55.6,0.8147488534760301
2,40,80,27,n348,n137,5,801,235,23.5,0.7695474295696201
2,40,80,28,n201,n275,4,801,580,58.0,0.8147488534760301
2,40,80,29,n252,n261,3,801,765,76.5,0.8638828706489672
2,40,80,30,n344,n390,3,801,372,37.2,0.8638828706489672
2,40,80,31,n328,n221,4,801,407,40.7,0.8147488534760301
2,40,80,32,n30,n51,3,801,746,74.6,0.8638828706489672
2,40,80,33,n136,n347,4,801,580,58.0,0.8147488534760301
2,40,80,34,n171,n333,4,801,363,36.3,0.8147488534760301
2,40,80,35,n86,n133,1,801,789,78.9,0.9753470182469989
2,40,80,36,n167,n107,3,801,593,59.3,0.8638828706489672
2,40,80,37,n91,n184,4,801,224,22.4,0.8147488534760301
2,40,80,38,n330,n74,4,801,224,22.4,0.8147488534760301
2,40,80,39,n342,n242,3,801,221,22.1,0.8638828706489672
2,40,90,0,n6,n340,3,901,393,39.3,0.8638828706489672
2,40,90,1,n28,n285,2,901,872,87.2,0.9172916227393662
2,40,90,2,n212,n254,4,901,432,43.2,0.8147488534760301
2,40,90,3,n354,n371,5,901,580,58.0,0.7695474295696201
2,40,90,4,n105,n94,3,901,734,73.4,0.8638828706489672
2,40,90,5,n266,n3,3,901,770,77.0,0.8638828706489672
2,40,90,6,n186,n257,4,901,596,59.6,0.8147488534760301
2,40,90,7,n301,n358,4,901,721,72.1,0.8147488534760301
2,40,90,8,n125,n96,4,901,721,72.1,0.8147488534760301
2,40,90,9,n368,n204,4,901,589,58.9,0.8147488534760301
2,40,90,10,n226,n192,5,901,261,26.1,0.7695474295696201
2,40,90,11,n279,n22,2,901,871,87.1,0.9172916227393662
2,40,90,12,n163,n66,3,901,729,72.9,0.8638828706489672
2,40,90,13,n32,n128,4,901,559,55.9,0.8147488534760301
2,40,90,14,n237,n185,5,901,577,57.7,0.7695474295696201
2,40,90,15,n391,n180,4,901,20,2.0,0.8147488534760301
2,40,90,16,n361,n355,4,901,559,55.9,0.8147488534760301
2,40,90,17,n317,n210,2,901,874,87.4,0.9172916227393662
2,40,90,18,n272,n345,4,901,641,64.1,0.8147488534760301
2,40,90,19,n190,n154,4,901,54,5.4,0.8147488534760301
2,40,90,20,n277,n142,3,901,770,77.0,0.8638828706489672
2,40,90,21,n24,n199,4,901,408,40.8,0.8147488534760301
2,40,90,22,n155,n375,3,901,770,77.0,0.8638828706489672
2,40,90,23,n158,n369,4,901,551,55.1,0.8147488534760301
2,40,90,24,n294,n202,5,901,454,45.4,0.7695474295696201
2,40,90,25,n20,n172,4,901,401,40.1,0.8147488534760301
2,40,90,26,n383,n283,4,901,671,67.1,0.8147488534760301
2,40,90,27,n348,n137,5,901,226,22.6,0.7695474295696201
2,40,90,28,n201,n275,4,901,694,69.4,0.8147488534760301
2,40,90,29,n252,n261,3,901,860,86.0,0.8638828706489672
2,40,90,30,n344,n390,3,901,408,40.8,0.8638828706489672
2,40,90,31,n328,n221,4,901,410,41.0,0.8147488534760301
2,40,90,32,n30,n51,3,901,770,77.0,0.8638828706489672
2,40,90,33,n136,n347,4,901,689,68.9,0.8147488534760301
2,40,90,34,n171,n333,4,901,223,22.3,0.8147488534760301
2,40,90,35,n86,n133,1,901,887,88.7,0.9753470182469989
2,40,90,36,n167,n107,3,901,580,58.0,0.8638828706489672
2,40,90,37,n91,n184,4,901,61,6.1,0.8147488534760301
2,40,90,38,n330,n74,4,901,45,4.5,0.8147488534760301
2,40,90,39,n342,n242,3,901,97,9.7,0.8638828706489672
2,40,100,0,n6,n340,3,1001,387,38.7,0.8638828706489672
2,40,100,1,n28,n285,2,1001,820,82.0,0.9172916227393662
2,40,100,2,n212,n254,4,1001,443,44.3,0.8147488534760301
2,40,100,3,n354,n371,5,1001,585,58.5,0.7695474295696201
2,40,100,4,n105,n94,3,1001,758,75.8,0.8638828706489672
2,40,100,5,n266,n3,3,1001,727,72.7,0.8638828706489672
2,40,100,6,n186,n257,4,1001,585,58.5,0.8147488534760301
2,40,100,7,n301,n358,4,1001,717,71.7,0.8147488534760301
2,40,100,8,n125,n96,4,1001,717,71.7,0.8147488534760301
2,40,100,9,n368,n204,4,1001,644,64.4,0.8147488534760301
2,40,100,10,n226,n192,5,1001,290,29.0,0.7695474295696201
2,40,100,11,n279,n22,2,1001,878,87.8,0.9172916227393662
2,40,100,12,n163,n66,3,1001,693,69.3,0.8638828706489672
2,40,100,13,n32,n128,4,1001,520,52.0,0.8147488534760301
2,40,100,14,n237,n185,5,1001,535,53.5,0.7695474295696201
2,40,100,15,n391,n180,4,1001,87,8.7,0.8147488534760301
2,40,100,16,n361,n355,4,1001,506,50.6,0.8147488534760301
2,40,100,17,n317,n210,2,1001,971,97.1,0.9172916227393662
2,40,100,18,n272,n345,4,1001,625,62.5,0.8147488534760301
2,40,100,19,n190,n154,4,1001,262,26.2,0.8147488534760301
2,40,100,20,n277,n142,3,1001,784,78.4,0.8638828706489672
2,40,100,21,n24,n199,4,1001,395,39.5,0.8147488534760301
2,40,100,22,n155,n375,3,1001,758,75.8,0.8638828706489672
2,40,100,23,n158,n369,4,1001,480,48.0,0.8147488534760301
2,40,100,24,n294,n202,5,1001,455,45.5,0.7695474295696201
2,40,100,25,n20,n172,4,1001,424,42.4,0.8147488534760301
2,40,100,26,n383,n283,4,1001,498,49.8,0.8147488534760301
2,40,100,27,n348,n137,5,1001,206,20.6,0.7695474295696201
2,40,100,28,n201,n275,4,1001,610,61.0,0.8147488534760301
2,40,100,29,n252,n261,3,1001,938,93.8,0.8638828706489672
2,40,100,30,n344,n390,3,1001,463,46.3,0.8638828706489672
2,40,100,31,n328,n221,4,1001,398,39.8,0.8147488534760301
2,40,100,32,n30,n51,3,1001,791,79.1,0.8638828706489672
2,40,100,33,n136,n347,4,1001,611,61.1,0.8147488534760301
2,40,100,34,n171,n333,4,1001,278,27.8,0.8147488534760301
2,40,100,35,n86,n133,1,1001,986,98.6,0.9753470182469989
2,40,100,36,n167,n107,3,1001,650,65.0,0.8638828706489672
2,40,100,37,n91,n184,4,1001,186,18.6,0.8147488534760301
2,40,100,38,n330,n74,4,1001,166,16.6,0.8147488534760301
2,40,100,39,n342,n242,3,1001,154,15.4,0.8638828706489672
